Page score,Page trust score,Source title,Source url,Target url,Anchor,External links,Internal links,Nofollow,Text,Frame,Form,Image,Sitewide,First seen,Last seen,New link,Lost link
36,27,CPAD - Casa Publicadora das Assembleias de Deus,http://www.cpad.com.br/,http://cpad.octadesk.com/login,,38,292,false,false,false,false,true,false,2017-01-04,2017-11-27,false,false
22,20,Hub Empreendedor,http://www.hubdoempreendedor.com.br/,http://www.octadesk.com/,Octadesk,88,3,false,true,false,false,false,false,2017-03-01,2017-10-22,false,false
20,20,RD Summit 2016,http://rdsummit.com.br/,http://www.octadesk.com/,Octadesk,215,21,false,true,false,false,false,false,2017-02-10,2017-10-05,false,true
16,18,Portal :: CPAD,http://www.editoracpad.com.br/,http://cpad.octadesk.com/login,SAC CPAD agora está Online Prático e muito mais rápido falar com a gente!,130,21,false,true,false,false,false,false,2016-11-23,2017-12-01,false,false
11,10,Home - CPADNews,http://www.cpadnews.com.br/home/,http://cpad.octadesk.com/login,SAC CPAD,35,118,false,true,false,false,false,false,2016-12-27,2017-11-20,false,false
10,10,Atendimento ao cliente com número 0800 • Atende Simples,http://atendesimples.com/,https://www.octadesk.com/,logo asaas,19,19,false,true,false,false,false,false,2017-07-24,2017-12-07,false,false
6,0,"Prevenir e Eliminar estrias, Varizes, Náuseas e Pernas Cansadas na Gravidez | Saúde | Diretório de Artigos",http://diretoriodeartigos.net/prevenir-e-eliminar-estrias-varizes-nauseas-e-pernas-cansadas-na-gravidez/,http://www.octadesk.com/,Octadesk,26,150,false,true,false,false,false,true,2017-05-25,2017-11-26,false,false
5,6,Portal :: CPAD,http://editoracpad.com.br/,http://cpad.octadesk.com/login,SAC CPAD agora está Online Prático e muito mais rápido falar com a gente!,138,13,false,true,false,false,false,false,2017-02-18,2017-11-30,false,false
4,0,Bexs,http://www.bexs.com/,http://octadesk.com/,Conheça mais,6,0,false,true,false,false,false,false,2017-04-24,2017-11-13,false,false
4,0,Atual Sistemas,http://www.atualcs.com.br/,https://atualcs.octadesk.com/login,Suporte CRM,2,6,false,true,false,false,false,false,2017-08-22,2017-10-24,false,true
2,4,Empreendedorismo ganha espaço no maior evento de e-commerce da América Latina - Startupi,https://startupi.com.br/2017/07/empreendedorismo-ganha-espaco-no-maior-evento-de-e-commerce-da-america-latina/,https://www.octadesk.com/?gclid=CNigrpfSrNUCFVUIkQodhrIAZA,Octadesk,31,74,false,true,false,false,false,false,2017-10-05,2017-11-22,false,false
1,0,,http://www.imcgrupo.com/link.php?code=bDpodHRwJTNBJTJGJTJGd3d3Lm9jdGFkZXNrLmNvbSUyRiUzRmdjbGlkJTNERUFJYUlRb2JDaE1JejR1dTVQcmUxUUlWVEFhUkNoMzd6QXM4RUFBWUFTQUFFZ0tuNXZEX0J3RTo3NzAwMTQ2OTc6d2lsbGlhbi5tYWllckA4OWZtLmNvbS5icjo0NWU3Nzc4YTFiZmYwMmM3ZjNjOGQ2NTc0OTBhNzcwOTBk,https://www.octadesk.com/?gclid=EAIaIQobChMIz4uu5Pre1QIVTAaRCh37zAs8EAAYASAAEgKn5vD_BwE,,0,0,false,true,false,false,false,false,2017-11-10,2017-11-26,false,false
1,0,Realtech Informática - Assistência Técnica,http://www.realtechcampinas.com.br/,http://realtech.octadesk.com/login,Abertura de Chamados,7,28,false,true,false,false,false,false,2017-10-23,2017-10-23,false,false
1,3,Dia da Cerveja: empresas liberam a bebida durante o expediente,https://catracalivre.com.br/geral/emprego-trabalho/indicacao/dia-da-cerveja-empresas-liberam-bebida-durante-o-expediente/,https://www.octadesk.com/,"Octadesk,",25,115,false,true,false,false,false,false,2017-09-03,2017-11-01,false,false
1,0,Home,http://www.beltis.com.br/,https://beltis.octadesk.com/,Solicitar atendimento,4,40,false,true,false,false,false,true,2017-09-13,2017-11-14,false,false
1,3,Net Promoter Score: por que ele é importante para a experiência do seu cliente? | Satisfação de Clientes - Tracksale,https://satisfacaodeclientes.com/net-promoter-score-por-que-e-importante-para-experiencia-do-cliente/,http://blog.octadesk.com/cultura-de-atendimento-o-que-e/,cultura de atendimento,26,67,false,true,false,false,false,false,2017-10-19,2017-11-03,false,false
1,3,Net Promoter Score: por que ele é importante para a experiência do seu cliente? | Satisfação de Clientes - Tracksale,https://satisfacaodeclientes.com/net-promoter-score-por-que-e-importante-para-experiencia-do-cliente/,http://blog.octadesk.com/o-que-e-customer-centric/,cliente,26,67,false,true,false,false,false,false,2017-10-19,2017-11-03,false,false
1,3,Net Promoter Score: por que ele é importante para a experiência do seu cliente? | Satisfação de Clientes - Tracksale,https://satisfacaodeclientes.com/net-promoter-score-por-que-e-importante-para-experiencia-do-cliente/,https://www.octadesk.com/,Octadesk,26,67,false,true,false,false,false,false,2017-10-19,2017-11-03,false,false
1,3,Telas Slim,https://solaser.com.br/decoracao-telas-decorativas-telas-slim/2/,https://solaser.octadesk.com/helpcenter,Fale Conosco,8,281,false,true,false,false,false,false,2017-11-21,2017-12-07,true,false
1,3,Fale Conosco,http://solaser.com.br/contato/,https://solaser.octadesk.com/helpcenter#bm,Fale Conosco,12,228,false,true,false,false,false,false,2017-11-16,2017-12-01,true,false
1,3,Kits de Adesivos,https://solaser.com.br/decoracao-adesivos-kits-de-adesivos/2/,https://solaser.octadesk.com/helpcenter,Fale Conosco,8,258,false,true,false,false,false,false,2017-11-21,2017-11-21,true,false
1,3,Telas 100x70 cm,https://solaser.com.br/decoracao-telas-decorativas-telas-100x70-cm/2/,https://solaser.octadesk.com/helpcenter,Contato,11,313,false,true,false,false,false,false,2017-11-16,2017-11-16,true,false
1,3,Espelho Decorativo Holy Angel,https://solaser.com.br/espelho-decorativo-holy-angel/1/,https://solaser.octadesk.com/helpcenter,Fale Conosco,8,237,false,true,false,false,false,false,2017-11-21,2017-12-07,true,false
1,3,Adesivos de Azulejos,https://solaser.com.br/decoracao-adesivos-azulejos/2/,https://solaser.octadesk.com/helpcenter,Fale Conosco,8,254,false,true,false,false,false,false,2017-11-21,2017-12-07,true,false
1,3,Privacidade e Segurança,https://solaser.com.br/privacidade-e-seguranca/4/,https://solaser.octadesk.com/helpcenter#bm,Fale Conosco,9,228,false,true,false,false,false,false,2017-11-21,2017-11-21,true,false
1,3,Relógios Espelhados,https://solaser.com.br/decoracao-espelhos-decorativos-relogios/2/,https://solaser.octadesk.com/helpcenter,Contato,11,256,false,true,false,false,false,false,2017-11-16,2017-11-16,true,false
1,3,Relógios Espelhados,https://solaser.com.br/decoracao-espelhos-decorativos-relogios/2/,https://solaser.octadesk.com/helpcenter,Fale Conosco,11,256,false,true,false,false,false,false,2017-11-16,2017-12-01,true,false
1,3,Decoração - Luminárias,https://solaser.com.br/decoracao-luminarias/2/,https://solaser.octadesk.com/helpcenter,Contato,11,244,false,true,false,false,false,false,2017-11-16,2017-11-16,true,false
1,3,Decoração - Luminárias,https://solaser.com.br/decoracao-luminarias/2/,https://solaser.octadesk.com/helpcenter,Fale Conosco,11,244,false,true,false,false,false,false,2017-11-16,2017-12-01,true,false
1,3,Formas de Doces e Bandejas Casamentos,https://solaser.com.br/casamentos-formas-de-doces-e-bandejas/2/,https://solaser.octadesk.com/helpcenter,Fale Conosco,11,311,false,true,false,false,false,false,2017-11-16,2017-12-01,true,false
1,3,Formas de Doces e Bandejas Casamentos,https://solaser.com.br/casamentos-formas-de-doces-e-bandejas/2/,https://solaser.octadesk.com/helpcenter,Contato,11,311,false,true,false,false,false,false,2017-11-16,2017-11-16,true,false
1,3,Caixinhas,https://solaser.com.br/casamentos-caixinhas/2/,https://solaser.octadesk.com/helpcenter,Contato,11,253,false,true,false,false,false,false,2017-11-16,2017-11-16,true,false
1,3,Caixinhas,https://solaser.com.br/casamentos-caixinhas/2/,https://solaser.octadesk.com/helpcenter,Fale Conosco,11,253,false,true,false,false,false,false,2017-11-16,2017-12-01,true,false
1,3,Porte-retratos Casamentos,https://solaser.com.br/casamentos-porta-retratos/2/,https://solaser.octadesk.com/helpcenter,Fale Conosco,11,260,false,true,false,false,false,false,2017-11-16,2017-12-01,true,false
1,3,Porte-retratos Casamentos,https://solaser.com.br/casamentos-porta-retratos/2/,https://solaser.octadesk.com/helpcenter,Contato,11,260,false,true,false,false,false,false,2017-11-16,2017-11-16,true,false
1,3,Privacidade e Segurança,https://solaser.com.br/privacidade-e-seguranca/4/,https://solaser.octadesk.com/helpcenter,Fale Conosco,9,228,false,true,false,false,false,false,2017-11-21,2017-11-21,true,false
1,3,Adesivos Diversos,https://solaser.com.br/decoracao-adesivos-diversos/2/,https://solaser.octadesk.com/helpcenter,Fale Conosco,8,300,false,true,false,false,false,false,2017-11-21,2017-12-07,true,false
1,3,Telas 100x70 cm,https://solaser.com.br/decoracao-telas-decorativas-telas-100x70-cm/2/,https://solaser.octadesk.com/helpcenter,Fale Conosco,11,313,false,true,false,false,false,false,2017-11-16,2017-12-01,true,false
1,3,Solaser Artigos Personalizados - Tudo para Sua Festa‎,http://solaser.com.br/15-anos-copos-canecas-e-tacas/2/?filter3=6,https://solaser.octadesk.com/helpcenter,Fale Conosco,8,230,false,true,false,false,false,false,2017-11-21,2017-12-07,true,false
1,3,Espelhos Românticos,https://solaser.com.br/decoracao-espelhos-decorativos-romanticos/2/,https://solaser.octadesk.com/helpcenter,Fale Conosco,8,250,false,true,false,false,false,false,2017-11-21,2017-12-07,true,false
1,3,Promoções,https://solaser.com.br/promocoes/2/,https://solaser.octadesk.com/helpcenter,Fale Conosco,8,316,false,true,false,false,false,false,2017-11-21,2017-12-07,true,false
1,3,Formas de Pagamento,https://solaser.com.br/formas-de-pagamento/4/,https://solaser.octadesk.com/helpcenter#bm,Fale Conosco,12,228,false,true,false,false,false,false,2017-11-16,2017-12-01,true,false
1,3,Solaser Artigos Personalizados - Tudo para Sua Festa‎,http://solaser.com.br/15-anos-copos-canecas-e-tacas/2/?filter4=13,https://solaser.octadesk.com/helpcenter,Contato,11,229,false,true,false,false,false,false,2017-11-16,2017-11-16,true,false
1,3,Solaser Artigos Personalizados - Tudo para Sua Festa‎,http://solaser.com.br/15-anos-copos-canecas-e-tacas/2/?filter4=13,https://solaser.octadesk.com/helpcenter,Fale Conosco,11,229,false,true,false,false,false,false,2017-11-16,2017-12-01,true,false
1,3,Formas de Pagamento,https://solaser.com.br/formas-de-pagamento/4/,https://solaser.octadesk.com/helpcenter,Fale Conosco,12,228,false,true,false,false,false,false,2017-11-16,2017-12-01,true,false
1,3,Formas de Pagamento,http://solaser.com.br/formas-de-pagamento/4/,https://solaser.octadesk.com/helpcenter#bm,Fale Conosco,12,228,false,true,false,false,false,false,2017-11-16,2017-12-01,true,false
1,3,Placas de Redes Sociais 15 Anos,https://solaser.com.br/15-anos-placas-de-redes-sociais/2/,https://solaser.octadesk.com/helpcenter,Fale Conosco,8,274,false,true,false,false,false,false,2017-11-21,2017-12-07,true,false
1,3,Decoração Casa dos Noivos,https://solaser.com.br/decoracao/2/,https://solaser.octadesk.com/helpcenter,Fale Conosco,8,318,false,true,false,false,false,false,2017-11-21,2017-11-21,true,false
1,3,Entrega Solaser,https://solaser.com.br/entrega/4/,https://solaser.octadesk.com/helpcenter#bm,Fale Conosco,12,228,false,true,false,false,false,false,2017-11-16,2017-11-16,true,false
1,3,Formas de Pagamento,https://solaser.com.br/formas-de-pagamento/4/,https://solaser.octadesk.com/helpcenter,Contato,12,228,false,true,false,false,false,false,2017-11-16,2017-11-16,true,false
1,3,Espelhos de Animais,https://solaser.com.br/decoracao-espelhos-decorativos-animais/2/,https://solaser.octadesk.com/helpcenter,Fale Conosco,8,290,false,true,false,false,false,false,2017-11-21,2017-12-07,true,false
1,3,Topos de Bolos para Casamentos,https://solaser.com.br/casamentos-topos-de-bolos/2/,https://solaser.octadesk.com/helpcenter,Fale Conosco,8,257,false,true,false,false,false,false,2017-11-21,2017-11-21,true,false
1,3,Leques Casamentos,https://solaser.com.br/casamentos-leques/2/,https://solaser.octadesk.com/helpcenter,Fale Conosco,8,239,false,true,false,false,false,false,2017-11-21,2017-12-07,true,false
1,3,"Copos, Taças e Acessórios 15 Anos",https://solaser.com.br/15-anos-copos-tacas-e-acessorios/2/,https://solaser.octadesk.com/helpcenter,Fale Conosco,8,249,false,true,false,false,false,false,2017-11-21,2017-12-07,true,false
1,3,Lançamentos,https://solaser.com.br/lancamentos/2/,https://solaser.octadesk.com/helpcenter,Fale Conosco,11,318,false,true,false,false,false,false,2017-11-16,2017-12-01,true,false
1,3,Solaser Artigos Personalizados - Tudo para Sua Festa‎,http://solaser.com.br/15-anos-copos-canecas-e-tacas/2/?filter1=2,https://solaser.octadesk.com/helpcenter,Fale Conosco,8,234,false,true,false,false,false,false,2017-11-21,2017-12-07,true,false
1,3,Festas Infantis,https://solaser.com.br/outros-eventos-festas-infantis/2/,https://solaser.octadesk.com/helpcenter,Fale Conosco,8,316,false,true,false,false,false,false,2017-11-21,2017-12-07,true,false
1,3,Duas placas de cadeira dos noivos Par Perfeito com detalhes de flores,https://solaser.com.br/duas-placas-de-cadeira-dos-noivos-par-perfeito-com-detalhes-de-flores/1/,https://solaser.octadesk.com/helpcenter,Fale Conosco,8,265,false,true,false,false,false,false,2017-11-21,2017-12-07,true,false
1,3,Cabides Casamentos,https://solaser.com.br/casamentos-cabides/2/,https://solaser.octadesk.com/helpcenter,Fale Conosco,8,311,false,true,false,false,false,false,2017-11-21,2017-12-07,true,false
1,3,Bandeja provençal para doces em MDF,https://solaser.com.br/bandeja-provencal-para-doces-em-mdf/1/,https://solaser.octadesk.com/helpcenter,Fale Conosco,8,268,false,true,false,false,false,false,2017-11-21,2017-12-07,true,false
1,3,Espelhos Diversos,https://solaser.com.br/decoracao-espelhos-decorativos-diversos/2/,https://solaser.octadesk.com/helpcenter,Fale Conosco,8,300,false,true,false,false,false,false,2017-11-21,2017-12-07,true,false
1,3,Lançamentos,https://solaser.com.br/lancamentos/2/,https://solaser.octadesk.com/helpcenter,Contato,11,318,false,true,false,false,false,false,2017-11-16,2017-11-16,true,false
1,3,Convites de 15 Anos,https://solaser.com.br/15-anos-convites/2/,https://solaser.octadesk.com/helpcenter,Fale Conosco,8,251,false,true,false,false,false,false,2017-11-21,2017-11-21,true,false
1,3,Formas de Pagamento,http://solaser.com.br/formas-de-pagamento/4/,https://solaser.octadesk.com/helpcenter,Fale Conosco,12,228,false,true,false,false,false,false,2017-11-16,2017-12-01,true,false
1,3,Solaser Artigos Personalizados - Tudo para Sua Festa‎,http://solaser.com.br/15-anos-copos-canecas-e-tacas/2/?filter3=7,https://solaser.octadesk.com/helpcenter,Contato,11,228,false,true,false,false,false,false,2017-11-16,2017-11-16,true,false
1,3,Solaser Artigos Personalizados - Tudo para Sua Festa‎,http://solaser.com.br/15-anos-copos-canecas-e-tacas/2/?filter3=7,https://solaser.octadesk.com/helpcenter,Fale Conosco,11,228,false,true,false,false,false,false,2017-11-16,2017-12-01,true,false
1,3,Formas de Pagamento,http://solaser.com.br/formas-de-pagamento/4/,https://solaser.octadesk.com/helpcenter,Contato,12,228,false,true,false,false,false,false,2017-11-16,2017-11-16,true,false
1,3,Solaser Artigos Personalizados - Tudo para Sua Festa‎,https://solaser.com.br/decoracao-adesivos-natureza/2/,https://solaser.octadesk.com/helpcenter,Fale Conosco,11,306,false,true,false,false,false,false,2017-11-16,2017-12-01,true,false
1,3,Solaser Artigos Personalizados - Tudo para Sua Festa‎,https://solaser.com.br/decoracao-adesivos-natureza/2/,https://solaser.octadesk.com/helpcenter,Contato,11,306,false,true,false,false,false,false,2017-11-16,2017-11-16,true,false
1,3,Empresariais e Sociais,https://solaser.com.br/outros-eventos-empresariais-e-sociais/2/,https://solaser.octadesk.com/helpcenter,Fale Conosco,11,313,false,true,false,false,false,false,2017-11-16,2017-12-01,true,false
1,3,Solaser Artigos Personalizados - Tudo para Sua Festa‎,http://solaser.com.br/15-anos-copos-canecas-e-tacas/2/?filter4=14,https://solaser.octadesk.com/helpcenter,Fale Conosco,8,229,false,true,false,false,false,false,2017-11-21,2017-12-07,true,false
1,3,Empresariais e Sociais,https://solaser.com.br/outros-eventos-empresariais-e-sociais/2/,https://solaser.octadesk.com/helpcenter,Contato,11,313,false,true,false,false,false,false,2017-11-16,2017-11-16,true,false
1,3,Decoração - Espelhos Decorativos,https://solaser.com.br/decoracao-espelhos-decorativos/2/,https://solaser.octadesk.com/helpcenter,Fale Conosco,8,305,false,true,false,false,false,false,2017-11-21,2017-12-07,true,false
1,3,Placas de Casamento,https://solaser.com.br/casamentos-placas-de-casamento/2/,https://solaser.octadesk.com/helpcenter,Fale Conosco,8,302,false,true,false,false,false,false,2017-11-21,2017-12-07,true,false
1,3,Quem Somos,https://solaser.com.br/quem-somos/4/,https://solaser.octadesk.com/helpcenter,Fale Conosco,8,227,false,true,false,false,false,false,2017-11-21,2017-12-07,true,false
1,3,Status,https://solaser.com.br/cart,https://solaser.octadesk.com/helpcenter,Fale Conosco,11,224,false,true,false,false,false,false,2017-11-16,2017-12-01,true,false
1,3,Status,https://solaser.com.br/cart,https://solaser.octadesk.com/helpcenter,Contato,11,224,false,true,false,false,false,false,2017-11-16,2017-11-16,true,false
1,3,Convites de Casamento,https://solaser.com.br/casamentos-convites/2/,https://solaser.octadesk.com/helpcenter,Fale Conosco,8,257,false,true,false,false,false,false,2017-11-21,2017-12-07,true,false
1,3,Luminária Par Ideal em MDF,https://solaser.com.br/luminaria-par-ideal-em-mdf/1/,https://solaser.octadesk.com/helpcenter,Fale Conosco,8,266,false,true,false,false,false,false,2017-11-21,2017-11-21,true,false
1,3,Trios de Telas,https://solaser.com.br/decoracao-telas-decorativas-trios-de-telas/2/,https://solaser.octadesk.com/helpcenter,Fale Conosco,8,271,false,true,false,false,false,false,2017-11-21,2017-12-07,true,false
1,3,Chaveiros 15 Anos,https://solaser.com.br/15-anos-chaveiros/2/,https://solaser.octadesk.com/helpcenter,Fale Conosco,8,249,false,true,false,false,false,false,2017-11-21,2017-11-21,true,false
1,3,Kits de Casamento,https://solaser.com.br/casamentos-kits-de-casamento/2/,https://solaser.octadesk.com/helpcenter,Fale Conosco,8,251,false,true,false,false,false,false,2017-11-21,2017-12-07,true,false
1,3,Solaser Artigos Personalizados - Tudo para Sua Festa‎,http://solaser.com.br/15-anos-copos-canecas-e-tacas/2/?filter4=11,https://solaser.octadesk.com/helpcenter,Fale Conosco,11,231,false,true,false,false,false,false,2017-11-16,2017-11-16,true,false
1,3,Formas Dolce para 15 Anos,https://solaser.com.br/15-anos-formas-de-doces-e-bandejas-formas-dolce/2/,https://solaser.octadesk.com/helpcenter,Fale Conosco,8,310,false,true,false,false,false,false,2017-11-21,2017-11-21,true,false
1,3,Solaser Artigos Personalizados - Tudo para Sua Festa‎,http://solaser.com.br/15-anos-copos-canecas-e-tacas/2/?filter4=11,https://solaser.octadesk.com/helpcenter,Contato,11,231,false,true,false,false,false,false,2017-11-16,2017-11-16,true,false
1,3,Plaquinhas Garagem,https://solaser.com.br/decoracao-placas-vintage-garagem/2/,https://solaser.octadesk.com/helpcenter,Fale Conosco,8,264,false,true,false,false,false,false,2017-11-21,2017-12-07,true,false
1,3,Formas de doce personalizáveis para Casamentos,https://solaser.com.br/casamentos-formas-de-doces-e-bandejas-personalizaveis/2/,https://solaser.octadesk.com/helpcenter,Fale Conosco,11,241,false,true,false,false,false,false,2017-11-16,2017-12-01,true,false
1,3,Canais de Atendimento Solaser,http://solaser.com.br/canais-de-atendimento/4/,https://solaser.octadesk.com/helpcenter,AQUI,9,237,false,true,false,false,false,false,2017-12-07,2017-12-07,true,false
1,3,Canais de Atendimento Solaser,http://solaser.com.br/canais-de-atendimento/4/,https://solaser.octadesk.com/helpcenter,Fale Conosco,8,227,false,true,false,false,false,false,2017-11-21,2017-12-07,true,false
1,3,Formas de doce personalizáveis para Casamentos,https://solaser.com.br/casamentos-formas-de-doces-e-bandejas-personalizaveis/2/,https://solaser.octadesk.com/helpcenter,Contato,11,241,false,true,false,false,false,false,2017-11-16,2017-11-16,true,false
1,3,Formas de Doces e Bandejas 15 Anos,https://solaser.com.br/15-anos-formas-de-doces-e-bandejas/2/,https://solaser.octadesk.com/helpcenter,Contato,11,311,false,true,false,false,false,false,2017-11-16,2017-11-16,true,false
1,3,Conjuntos de Cinco Telas,https://solaser.com.br/decoracao-telas-decorativas-conjuntos-de-cinco-telas/2/,https://solaser.octadesk.com/helpcenter,Contato,11,311,false,true,false,false,false,false,2017-11-16,2017-11-16,true,false
1,3,Kits de Debutante,https://solaser.com.br/15-anos-kits-de-debutante/2/,https://solaser.octadesk.com/helpcenter,Contato,11,235,false,true,false,false,false,false,2017-11-16,2017-11-16,true,false
1,3,Kits de Debutante,https://solaser.com.br/15-anos-kits-de-debutante/2/,https://solaser.octadesk.com/helpcenter,Fale Conosco,11,235,false,true,false,false,false,false,2017-11-16,2017-12-01,true,false
1,3,Bandejas de doces para Casamentos,https://solaser.com.br/casamentos-formas-de-doces-e-bandejas-bandejas/2/,https://solaser.octadesk.com/helpcenter,Contato,11,242,false,true,false,false,false,false,2017-11-16,2017-11-16,true,false
1,3,Bandejas de doces para Casamentos,https://solaser.com.br/casamentos-formas-de-doces-e-bandejas-bandejas/2/,https://solaser.octadesk.com/helpcenter,Fale Conosco,11,242,false,true,false,false,false,false,2017-11-16,2017-12-01,true,false
1,3,Adesivos para Cozinhas,https://solaser.com.br/decoracao-adesivos-cozinha/2/,https://solaser.octadesk.com/helpcenter,Fale Conosco,8,286,false,true,false,false,false,false,2017-11-21,2017-12-07,true,false
1,3,Quadros Cofre Decoração,https://solaser.com.br/decoracao-quadros-cofre/2/,https://solaser.octadesk.com/helpcenter,Fale Conosco,8,247,false,true,false,false,false,false,2017-11-21,2017-12-07,true,false
1,3,"Copos, Taças e Acessórios Casamentos",https://solaser.com.br/casamentos-copos-tacas-e-acessorios/2/,https://solaser.octadesk.com/helpcenter,Fale Conosco,8,249,false,true,false,false,false,false,2017-11-21,2017-12-07,true,false
1,3,Entrega Solaser,https://solaser.com.br/entrega/4/,https://solaser.octadesk.com/helpcenter,Contato,12,228,false,true,false,false,false,false,2017-11-16,2017-11-16,true,false
1,3,Entrega Solaser,https://solaser.com.br/entrega/4/,https://solaser.octadesk.com/helpcenter,Fale Conosco,12,228,false,true,false,false,false,false,2017-11-16,2017-11-16,true,false
1,3,Porta-guardanapos Casamentos,https://solaser.com.br/casamentos-porta-guardanapos/2/,https://solaser.octadesk.com/helpcenter,Contato,11,256,false,true,false,false,false,false,2017-11-16,2017-11-16,true,false
1,3,Porta-guardanapos Casamentos,https://solaser.com.br/casamentos-porta-guardanapos/2/,https://solaser.octadesk.com/helpcenter,Fale Conosco,11,256,false,true,false,false,false,false,2017-11-16,2017-12-01,true,false
1,3,Plaquinhas Cozinha,https://solaser.com.br/decoracao-placas-vintage-cozinha/2/,https://solaser.octadesk.com/helpcenter,Fale Conosco,8,306,false,true,false,false,false,false,2017-11-21,2017-12-07,true,false
1,3,Lembranças de 15 Anos,https://solaser.com.br/15-anos-lembrancas/2/,https://solaser.octadesk.com/helpcenter,Fale Conosco,11,245,false,true,false,false,false,false,2017-11-16,2017-12-01,true,false
1,3,Adesivos para Banheiros,https://solaser.com.br/decoracao-adesivos-banheiro/2/,https://solaser.octadesk.com/helpcenter,Fale Conosco,8,248,false,true,false,false,false,false,2017-11-21,2017-12-07,true,false
1,3,Mapa do site,http://solaser.com.br/mapa-do-site,https://solaser.octadesk.com/helpcenter,Contato,11,321,false,true,false,false,false,false,2017-11-16,2017-11-16,true,false
1,3,Mapa do site,http://solaser.com.br/mapa-do-site,https://solaser.octadesk.com/helpcenter,Fale Conosco,11,321,false,true,false,false,false,false,2017-11-16,2017-12-01,true,false
1,3,Lembranças de 15 Anos,https://solaser.com.br/15-anos-lembrancas/2/,https://solaser.octadesk.com/helpcenter,Contato,11,245,false,true,false,false,false,false,2017-11-16,2017-11-16,true,false
1,3,Lembranças de Casamento,https://solaser.com.br/casamentos-lembrancas/2/,https://solaser.octadesk.com/helpcenter,Fale Conosco,8,253,false,true,false,false,false,false,2017-11-21,2017-11-21,true,false
1,3,Espelhos Geométricos,https://solaser.com.br/decoracao-espelhos-decorativos-geometricos/2/,https://solaser.octadesk.com/helpcenter,Fale Conosco,8,288,false,true,false,false,false,false,2017-11-21,2017-12-07,true,false
1,3,Painéis e Biombos Para 15 Anos,https://solaser.com.br/15-anos-paineis-e-biombos/2/,https://solaser.octadesk.com/helpcenter,Fale Conosco,8,241,false,true,false,false,false,false,2017-11-21,2017-12-07,true,false
1,3,Paineis,https://solaser.com.br/casamentos-paineis-e-biombos/2/,https://solaser.octadesk.com/helpcenter,Fale Conosco,8,241,false,true,false,false,false,false,2017-11-21,2017-11-21,true,false
1,3,Decoração - Diversos,https://solaser.com.br/decoracao-diversos/2/,https://solaser.octadesk.com/helpcenter,Fale Conosco,11,262,false,true,false,false,false,false,2017-11-16,2017-12-01,true,false
1,3,Decoração - Diversos,https://solaser.com.br/decoracao-diversos/2/,https://solaser.octadesk.com/helpcenter,Contato,11,262,false,true,false,false,false,false,2017-11-16,2017-11-16,true,false
1,3,Diversos Casamentos,https://solaser.com.br/casamentos-diversos/2/,https://solaser.octadesk.com/helpcenter,Fale Conosco,8,287,false,true,false,false,false,false,2017-11-21,2017-12-07,true,false
1,3,Pista de dança 15 Anos The Dress azul marinho sem personalização,https://solaser.com.br/pista-de-danca-15-anos-the-dress-azul-marinho-sem-personalizacao/1/,https://solaser.octadesk.com/helpcenter,Fale Conosco,11,239,false,true,false,false,false,false,2017-11-16,2017-12-01,true,false
1,3,Pista de dança 15 Anos The Dress azul marinho sem personalização,https://solaser.com.br/pista-de-danca-15-anos-the-dress-azul-marinho-sem-personalizacao/1/,https://solaser.octadesk.com/helpcenter,Contato,11,239,false,true,false,false,false,false,2017-11-16,2017-11-16,true,false
1,3,Solaser Artigos Personalizados - Tudo para Sua Festa‎,http://solaser.com.br/15-anos-copos-canecas-e-tacas/2/?filter3=3,https://solaser.octadesk.com/helpcenter,Fale Conosco,8,234,false,true,false,false,false,false,2017-11-21,2017-12-07,true,false
1,3,Solaser Artigos Personalizados - Tudo para Sua Festa‎,http://solaser.com.br/formas-de-entrega/4/,https://solaser.octadesk.com/helpcenter,Contato,11,223,false,true,false,false,false,false,2017-11-16,2017-11-16,true,false
1,3,Solaser Artigos Personalizados - Tudo para Sua Festa‎,http://solaser.com.br/formas-de-entrega/4/,https://solaser.octadesk.com/helpcenter,Fale Conosco,11,223,false,true,false,false,false,false,2017-11-16,2017-12-01,true,false
1,3,Adesivos de Frases,https://solaser.com.br/decoracao-adesivos-frases/2/,https://solaser.octadesk.com/helpcenter,Fale Conosco,11,298,false,true,false,false,false,false,2017-11-16,2017-11-16,true,false
1,3,Adesivos de Frases,https://solaser.com.br/decoracao-adesivos-frases/2/,https://solaser.octadesk.com/helpcenter,Contato,11,298,false,true,false,false,false,false,2017-11-16,2017-11-16,true,false
1,3,Plaquinhas Pin-ups,https://solaser.com.br/decoracao-placas-vintage-pin-ups/2/,https://solaser.octadesk.com/helpcenter,Fale Conosco,8,246,false,true,false,false,false,false,2017-11-21,2017-11-21,true,false
1,3,Pulseiras 15 Anos,https://solaser.com.br/15-anos-convites-pulseiras/2/,https://solaser.octadesk.com/helpcenter,Fale Conosco,8,230,false,true,false,false,false,false,2017-11-21,2017-12-07,true,false
1,3,Como Comprar,https://solaser.com.br/como-comprar/4/,https://solaser.octadesk.com/helpcenter,Fale Conosco,8,229,false,true,false,false,false,false,2017-11-21,2017-11-21,true,false
1,3,Telas Decorativas Personalizáveis,https://solaser.com.br/decoracao-telas-decorativas-personalizaveis/2/,https://solaser.octadesk.com/helpcenter,Fale Conosco,8,246,false,true,false,false,false,false,2017-11-21,2017-12-07,true,false
1,3,Espelho Decorativo Smile,https://solaser.com.br/espelho-decorativo-smile/1/,https://solaser.octadesk.com/helpcenter,Fale Conosco,8,243,false,true,false,false,false,false,2017-11-21,2017-12-07,true,false
1,3,Solaser Artigos Personalizados - Tudo para Sua Festa‎,http://solaser.com.br/15-anos-copos-canecas-e-tacas/2/?filter3=23,https://solaser.octadesk.com/helpcenter,Fale Conosco,11,230,false,true,false,false,false,false,2017-11-16,2017-12-01,true,false
1,3,Quadros de Assinatura,https://solaser.com.br/15-anos-quadros-de-assinatura/2/,https://solaser.octadesk.com/helpcenter,Fale Conosco,8,254,false,true,false,false,false,false,2017-11-21,2017-12-07,true,false
1,3,Solaser Artigos Personalizados - Tudo para Sua Festa‎,http://solaser.com.br/15-anos-copos-canecas-e-tacas/2/?filter3=23,https://solaser.octadesk.com/helpcenter,Contato,11,230,false,true,false,false,false,false,2017-11-16,2017-11-16,true,false
1,3,Placas de Redes Sociais Casamentos,https://solaser.com.br/casamentos-placas-de-redes-sociais/2/,https://solaser.octadesk.com/helpcenter,Contato,11,263,false,true,false,false,false,false,2017-11-16,2017-11-16,true,false
1,3,Quem Somos,http://solaser.com.br/quem-somos/4/,https://solaser.octadesk.com/helpcenter,Fale Conosco,8,227,false,true,false,false,false,false,2017-11-21,2017-12-07,true,false
1,3,Pulseiras Casamentos,https://solaser.com.br/casamentos-convites-pulseiras/2/,https://solaser.octadesk.com/helpcenter,Fale Conosco,8,230,false,true,false,false,false,false,2017-11-21,2017-12-07,true,false
1,3,Plaquinhas Quartinho de Bebê,https://solaser.com.br/decoracao-placas-vintage-babys/2/,https://solaser.octadesk.com/helpcenter,Fale Conosco,11,276,false,true,false,false,false,false,2017-11-16,2017-11-16,true,false
1,3,Plaquinhas Quartinho de Bebê,https://solaser.com.br/decoracao-placas-vintage-babys/2/,https://solaser.octadesk.com/helpcenter,Contato,11,276,false,true,false,false,false,false,2017-11-16,2017-11-16,true,false
1,3,Decoração - Telas e Quadros,https://solaser.com.br/decoracao-telas-decorativas/2/,https://solaser.octadesk.com/helpcenter,Fale Conosco,8,315,false,true,false,false,false,false,2017-11-21,2017-12-07,true,false
1,3,Solaser Artigos Personalizados - Tudo para Sua Festa‎,https://solaser.com.br/,https://solaser.octadesk.com/helpcenter,Contato,11,297,false,true,false,false,false,false,2017-11-16,2017-11-16,true,false
1,3,Solaser Artigos Personalizados - Tudo para Sua Festa‎,https://solaser.com.br/,https://solaser.octadesk.com/helpcenter,Fale Conosco,11,297,false,true,false,false,false,false,2017-11-16,2017-12-01,true,false
1,3,Espelhos de Flores e Natureza,https://solaser.com.br/decoracao-espelhos-decorativos-flores-e-natureza/2/,https://solaser.octadesk.com/helpcenter,Contato,11,262,false,true,false,false,false,false,2017-11-16,2017-11-16,true,false
1,3,Espelhos de Flores e Natureza,https://solaser.com.br/decoracao-espelhos-decorativos-flores-e-natureza/2/,https://solaser.octadesk.com/helpcenter,Fale Conosco,11,262,false,true,false,false,false,false,2017-11-16,2017-12-01,true,false
1,3,Fale Conosco,http://solaser.com.br/contato/,https://solaser.octadesk.com/helpcenter,Fale Conosco,12,228,false,true,false,false,false,false,2017-11-16,2017-12-01,true,false
1,3,Fale Conosco,http://solaser.com.br/contato/,https://solaser.octadesk.com/helpcenter,Contato,12,228,false,true,false,false,false,false,2017-11-16,2017-11-16,true,false
1,3,Placas de Cadeiras,https://solaser.com.br/casamentos-placas-de-casamento-placas-de-cadeiras/2/,https://solaser.octadesk.com/helpcenter,Fale Conosco,11,249,false,true,false,false,false,false,2017-11-16,2017-12-01,true,false
1,3,Placas de Redes Sociais Casamentos,https://solaser.com.br/casamentos-placas-de-redes-sociais/2/,https://solaser.octadesk.com/helpcenter,Fale Conosco,11,263,false,true,false,false,false,false,2017-11-16,2017-12-01,true,false
1,3,Adesivos Infantis e Teens,https://solaser.com.br/decoracao-adesivos-infantil-e-teens/2/,https://solaser.octadesk.com/helpcenter,Fale Conosco,8,306,false,true,false,false,false,false,2017-11-21,2017-12-07,true,false
1,3,Plaquinhas Pop Art,https://solaser.com.br/decoracao-placas-vintage-pop-art/2/,https://solaser.octadesk.com/helpcenter,Fale Conosco,8,258,false,true,false,false,false,false,2017-11-21,2017-12-07,true,false
1,3,Placas de Cadeiras,https://solaser.com.br/casamentos-placas-de-casamento-placas-de-cadeiras/2/,https://solaser.octadesk.com/helpcenter,Contato,11,249,false,true,false,false,false,false,2017-11-16,2017-11-16,true,false
1,3,Urnas e Quadros de Assinatura,https://solaser.com.br/casamentos-urnas-e-quadros-de-assinatura/2/,https://solaser.octadesk.com/helpcenter,Fale Conosco,8,283,false,true,false,false,false,false,2017-11-21,2017-11-21,true,false
1,3,Personalização Solaser,http://solaser.com.br/como-personalizar/4/,https://solaser.octadesk.com/helpcenter,Fale Conosco,11,227,false,true,false,false,false,false,2017-11-16,2017-12-01,true,false
1,3,Personalização Solaser,http://solaser.com.br/como-personalizar/4/,https://solaser.octadesk.com/helpcenter,Contato,11,227,false,true,false,false,false,false,2017-11-16,2017-11-16,true,false
1,3,Conjuntos de Cinco Telas,https://solaser.com.br/decoracao-telas-decorativas-conjuntos-de-cinco-telas/2/,https://solaser.octadesk.com/helpcenter,Fale Conosco,11,311,false,true,false,false,false,false,2017-11-16,2017-12-01,true,false
1,3,Formas de Doces e Bandejas 15 Anos,https://solaser.com.br/15-anos-formas-de-doces-e-bandejas/2/,https://solaser.octadesk.com/helpcenter,Fale Conosco,11,311,false,true,false,false,false,false,2017-11-16,2017-12-01,true,false
1,3,Convites de Casamento Linha Criativa,https://solaser.com.br/casamentos-convites-linha-criativa/2/,https://solaser.octadesk.com/helpcenter,Fale Conosco,8,230,false,true,false,false,false,false,2017-11-21,2017-11-21,true,false
1,3,Octadesk | trampos.co,https://trampos.co/octadesk,http://www.octadesk.com/,,13,35,false,true,false,false,false,false,2017-09-10,2017-11-26,false,false
1,3,Home - CPADNews,http://urlm.com.br/g/o/i/25620,http://cpad.octadesk.com/login,SAC CPAD,82,82,false,true,false,false,false,false,2017-08-25,2017-11-25,false,false
1,3,Portal :: CPAD,http://urlm.com.br/g/u/e/613777,http://cpad.octadesk.com/login,SAC CPAD agora está Online Prático e muito mais rápido falar com a gente!,142,9,false,true,false,false,false,false,2017-06-25,2017-11-25,false,false
1,3,ERPFlex Materiais Educativos - Materiais completos e gratuitos sobre tudo que você precisa saber sobre gestão empresarial,https://www.erpflex.com.br/materiais-educativos/,http://content.octadesk.com/gestao-atendimento-ao-cliente-erp,,11,42,false,true,false,false,false,false,2017-10-10,2017-10-10,false,false
1,3,ERPFlex Materiais Educativos - Materiais completos e gratuitos sobre tudo que você precisa saber sobre gestão empresarial,https://www.erpflex.com.br/materiais-educativos/,http://content.octadesk.com/gestao-atendimento-ao-cliente-erp,LEIA MAIS,11,42,false,true,false,false,false,false,2017-10-10,2017-10-10,false,false
1,3,Dia da Cerveja: Empresas liberam a bebida durante o expediente,http://www.tibahia.com/tecnologia_informacao/conteudo_unico.aspx?bl=LAT1&c=NEWS_NEG&fb=B_FULL&hb=B_CENTRA&nid=46575&page=2&r=NEWS_NEG,https://www.octadesk.com/,"Octadesk,",10,38,false,true,false,false,false,false,2017-09-26,2017-11-30,false,false
1,3,Dia da Cerveja: Empresas liberam a bebida durante o expediente,http://tibahia.com/tecnologia_informacao/conteudo_unico.aspx?bl=LAT1&c=NEWS_NEG&fb=B_FULL&hb=B_CENTRA&nid=46575&page=2&r=NEWS_NEG,https://www.octadesk.com/,"Octadesk,",10,38,false,true,false,false,false,false,2017-09-28,2017-11-28,false,false
1,3,Dia da Cerveja: Empresas liberam a bebida durante o expediente,http://www.tibahia.com/tecnologia_informacao/conteudo_unico.aspx?bl=LAT1&c=NEWS_NEG&fb=B_FULL&hb=B_CENTRA&nid=46575&r=NEWS_NEG,https://www.octadesk.com/,"Octadesk,",10,37,false,true,false,false,false,false,2017-08-26,2017-11-30,false,false
1,3,Dia da Cerveja: Empresas liberam a bebida durante o expediente,http://tibahia.com/tecnologia_informacao/conteudo_unico.aspx?bl=LAT1&c=NEWS_NEG&fb=B_FULL&hb=B_CENTRA&nid=46575&r=NEWS_NEG,https://www.octadesk.com/,"Octadesk,",10,37,false,true,false,false,false,false,2017-09-02,2017-12-04,false,false
1,3,Home - CPADNews,https://cpadnews.com.br/home/,http://cpad.octadesk.com/login,SAC CPAD,34,118,false,true,false,false,false,false,2017-02-11,2017-11-09,false,false
1,3,Home - CPADNews,http://cpadnews.com.br/home/,http://cpad.octadesk.com/login,SAC CPAD,34,118,false,true,false,false,false,false,2017-02-11,2017-11-25,false,false
1,3,Home - CPADNews,http://www.cpadnews.com.br/?TB_iframe=true&height=650&keepThis=true&width=850,http://cpad.octadesk.com/login,SAC CPAD,34,130,false,true,false,false,false,false,2017-09-28,2017-11-30,false,false
1,3,StartSe Base: Octadesk oferece gestão de relacionamento com o cliente | StartSe,https://conteudo.startse.com.br/startups/lucas-bicudo/startse-base-octadesk/,https://www.octadesk.com/,Octadesk,26,56,false,true,false,false,false,false,2017-10-14,2017-11-30,false,false
1,3,9 exemplos de software online para encantar o cliente no funil de vendas,https://blog.runrun.it/9-exemplos-de-software-online-para-encantar-seu-cliente-no-funil-de-vendas/,http://www.octadesk.com/,Octadesk,22,44,false,true,false,false,false,false,2016-12-30,2017-12-09,false,false
1,0,Bexs,http://mybexs.com/,http://octadesk.com/,Conheça mais,6,0,false,true,false,false,false,false,2017-02-17,2017-11-15,false,false
1,3,Start-up brasileira foca em oferecer qualidade de atendimento,http://www.portalnovarejo.com.br/2017/04/28/startup-oferecer-qualidade-atendimento/,https://www.octadesk.com/,Octadesk,18,110,false,true,false,false,false,false,2017-07-21,2017-12-04,false,false
1,3,Empresa busca Estagiário em Vendas para atuar em São Paulo | Guia de empregos,http://guiadeempregos.aprendiz.uol.com.br/2017/07/05/empresa-busca-estagiario-em-vendas-para-atuar-em-sao-paulo/,https://www.octadesk.com/?gclid=CNGQzv7I8tQCFVYFkQod1DYIBQ,Octadesk,12,79,false,true,false,false,false,false,2017-09-06,2017-11-24,false,false
1,3,Rodrigo Ricco | E-Commerce Brasil,https://www.ecommercebrasil.com.br/author/rodrigoricco/,https://www.octadesk.com/,,91,90,false,true,false,false,false,false,2017-06-23,2017-11-25,false,false
1,3,5 dicas para aumentar as vendas no dia dos namorados,https://www.ecommercebrasil.com.br/artigos/5-dicas-para-aumentar-as-vendas-no-dia-dos-namorados/,https://www.octadesk.com/,,91,118,false,true,false,false,false,false,2017-06-18,2017-12-04,false,false
1,3,CPAD :: Contatos,http://www.editoracpad.com.br/institucional/integra.php?i=25&s=4,http://cpad.octadesk.com/login,CLIQUE AQUI,8,17,false,true,false,false,false,false,2016-12-22,2017-12-01,false,false
1,3,CPAD :: Contatos,http://editoracpad.com.br/institucional/integra.php?i=25&s=4,http://cpad.octadesk.com/login,CLIQUE AQUI,8,17,false,true,false,false,false,false,2017-02-11,2017-11-25,false,false
1,3,Quatro profissionais que adotaram a bike como transporte em SP,https://catracalivre.com.br/geral/emprego-trabalho/indicacao/quatro-profissionais-que-adotaram-bike-como-transporte-em-sp/,https://www.octadesk.com/?gclid=EAIaIQobChMIz4uu5Pre1QIVTAaRCh37zAs8EAAYASAAEgKn5vD_BwE,Octadesk,27,115,false,true,false,false,false,false,2017-09-05,2017-11-07,false,false
1,3,7 dicas de atendimento ao cliente para arquitetos e designers de interiores,https://www.vivadecora.com.br/pro/gestao/dicas-de-atendimento-ao-cliente/,http://blog.octadesk.com/bom-atendimento-valorizacao-produto/,bom atendimento,8,32,false,true,false,false,false,false,2017-10-05,2017-12-09,false,false
1,3,7 dicas de atendimento ao cliente para arquitetos e designers de interiores,https://www.vivadecora.com.br/pro/gestao/dicas-de-atendimento-ao-cliente/,https://www.octadesk.com/,Octadesk,8,32,false,true,false,false,false,false,2017-10-05,2017-12-09,false,false
1,3,7 dicas de atendimento ao cliente para arquitetos e designers de interiores,https://www.vivadecora.com.br/pro/gestao/dicas-de-atendimento-ao-cliente/,http://blog.octadesk.com/gestao-de-pessoas-atendimento-ao-cliente/,equipe,8,32,false,true,false,false,false,false,2017-10-05,2017-12-09,false,false
1,3,7 dicas de atendimento ao cliente para arquitetos e designers de interiores,https://www.vivadecora.com.br/pro/gestao/dicas-de-atendimento-ao-cliente/,http://blog.octadesk.com/mau-atendimento-excelente-produto/,qualidade,8,32,false,true,false,false,false,false,2017-10-05,2017-12-09,false,false
1,3,7 dicas de atendimento ao cliente para arquitetos e designers de interiores,https://www.vivadecora.com.br/pro/gestao/dicas-de-atendimento-ao-cliente/,http://blog.octadesk.com/sistema-de-atendimento-ao-cliente/,sistema de atendimento ao cliente,8,32,false,true,false,false,false,false,2017-10-05,2017-12-09,false,false
1,3,Vendas no dia dos namorados: 5 dicas para melhorar seus resultados : VendaMais,http://www.vendamais.com.br/vendas-no-dia-dos-namorados/,https://www.octadesk.com/,Octadesk,10,63,false,true,false,false,false,false,2017-06-24,2017-12-08,false,false
1,3,Aplicativos de gestão de MPEs - Blog CARGOBR,http://blog.cargobr.com/aplicativos-de-gestao-de-mpes/,https://www.octadesk.com/,Se deseja mais informações sobre o Octadesk é só clicar aqui.,12,43,false,true,false,false,false,false,2017-07-10,2017-09-23,false,false
1,3,"0276 – Como O Octadesk Ajuda Sua Empresa A Melhorar O Relacionamento Com O Cliente, Com Rodrigo Ricco - Marketing De Conteúdo E Vendas (podcast)",http://front.player.fm/series/marketing-de-contedo-e-vendas/0276-como-o-octadesk-ajuda-sua-empresa-a-melhorar-o-relacionamento-com-o-cliente-com-rodrigo-ricco,http://octadesk.com/,http://octadesk.com/,132,82,false,true,false,false,false,false,2017-11-09,2017-11-09,false,false
1,3,"0276 – Como O Octadesk Ajuda Sua Empresa A Melhorar O Relacionamento Com O Cliente, Com Rodrigo Ricco - Marketing De Conteúdo E Vendas (podcast)",https://ppab.player.fm/series/marketing-de-contedo-e-vendas/0276-como-o-octadesk-ajuda-sua-empresa-a-melhorar-o-relacionamento-com-o-cliente-com-rodrigo-ricco,http://octadesk.com/,http://octadesk.com/,132,83,false,true,false,false,false,false,2017-10-23,2017-10-23,false,false
1,0,4 maneiras de melhorar seu atendimento online | Envision Tecnologia,http://envisiontecnologia.com.br/5-maneiras-de-melhorar-seu-atendimento-online/,http://blog.octadesk.com/atendimento-online-e-commerce/,http://blog.octadesk.com/atendimento-online-e-commerce/,1,74,false,true,false,false,false,false,2017-09-29,2017-11-15,false,false
1,3,Allis,http://www.allis.com.br/contato/perfil,https://allis.octadesk.com/,https://allis.octadesk.com,2,27,false,true,false,false,false,false,2017-09-05,2017-12-07,false,false
1,0,Contato - IntegrarTIIntegrarTI,http://integrarti.com/contato/,http://integrarti.octadesk.com/,Área do cliente,4,22,false,true,false,false,false,false,2017-11-03,2017-11-19,false,false
1,0,Oportunidades - IntegrarTIIntegrarTI,http://integrarti.com/oportunidades/,http://integrarti.octadesk.com/,Área do cliente,4,22,false,true,false,false,false,false,2017-11-03,2017-11-19,false,false
1,0,Home - IntegrarTIIntegrarTI,http://integrarti.com/,http://www.octadesk.com/,octadesk,11,37,false,true,false,false,false,false,2017-10-24,2017-10-24,false,false
1,0,Home - IntegrarTIIntegrarTI,http://integrarti.com/,http://integrarti.octadesk.com/,Área do cliente,11,37,false,true,false,false,false,false,2017-10-24,2017-10-24,false,false
1,0,Home - CPADNews,http://www.arminianismo.com/index.php/links?id=25&task=weblink.go,http://cpad.octadesk.com/login,SAC CPAD,71,82,false,true,false,false,false,false,2016-11-23,2017-11-30,false,false
1,3,Customer Success: O que é e como colocar em prática? - E-Commerce News,https://ecommercenews.com.br/noticias/dicas/customer-success-o-que-e-e-como-colocar-em-pratica/,https://www.octadesk.com/,Octadesk,54,134,false,true,false,false,false,false,2017-10-11,2017-10-11,false,false
1,3,Startup spin-off da Essence IT projeta crescimento de 300% em 2017 - E-Commerce News,https://ecommercenews.com.br/noticias/balancos/startup-spin-off-da-essence-it-projeta-crescimento-de-300-em-2017/,https://www.octadesk.com/,Octadesk,54,134,false,true,false,false,false,false,2017-10-11,2017-10-11,false,false
1,3,10 principais problemas de atendimento que refletem em vendas - Blog do Agendor,http://www.agendor.com.br/blog/10-principais-problemas-atendimento-que-refletem-em-vendas/,http://blog.octadesk.com/gestao-de-pessoas-atendimento-ao-cliente/,equipe,17,44,false,true,false,false,false,false,2017-10-01,2017-11-16,false,false
1,3,10 principais problemas de atendimento que refletem em vendas - Blog do Agendor,http://www.agendor.com.br/blog/10-principais-problemas-atendimento-que-refletem-em-vendas/,http://blog.octadesk.com/atendimento-online-e-commerce/,vitrine de produtos personalizados,17,44,false,true,false,false,false,false,2017-10-01,2017-11-16,false,false
1,3,10 principais problemas de atendimento que refletem em vendas - Blog do Agendor,http://www.agendor.com.br/blog/10-principais-problemas-atendimento-que-refletem-em-vendas/,http://blog.octadesk.com/o-que-e-customer-centric/,experiência do cliente,17,44,false,true,false,false,false,false,2017-10-01,2017-11-16,false,false
0,0,Espelho Decorativo Relógio Talheres,https://solaser.com.br/espelho-decorativo-relogio-talheres/1/,https://solaser.octadesk.com/helpcenter,Fale Conosco,8,245,false,true,false,false,false,false,2017-12-01,2017-12-01,true,false
0,0,Espelho Decorativo Relógio Círculos,https://solaser.com.br/espelho-decorativo-relogio-circulos/1/,https://solaser.octadesk.com/helpcenter,Fale Conosco,8,253,false,true,false,false,false,false,2017-12-01,2017-12-01,true,false
0,0,Formas Sweet para 15 Anos,https://solaser.com.br/15-anos-formas-de-doces-e-bandejas-formas-sweet/2/,https://solaser.octadesk.com/helpcenter,Fale Conosco,8,309,false,true,false,false,false,false,2017-11-26,2017-11-26,true,false
0,0,Espelho Decorativo Relógio Borboletas Voando Redondo,https://solaser.com.br/espelho-decorativo-relogio-borboletas-voando-redondo/1/,https://solaser.octadesk.com/helpcenter,Fale Conosco,8,251,false,true,false,false,false,false,2017-12-01,2017-12-01,true,false
0,0,Formas de doce Sweet Dark Rose,https://solaser.com.br/formas-de-doce-sweet-dark-rose/1/,https://solaser.octadesk.com/helpcenter,Fale Conosco,8,247,false,true,false,false,false,false,2017-12-01,2017-12-01,true,false
0,0,Lágrimas de Alegria Slim Redondas personalizadas,https://solaser.com.br/lagrimas-de-alegria-slim-redondas-personalizadas/1/,https://solaser.octadesk.com/helpcenter,Fale Conosco,8,249,false,true,false,false,false,false,2017-11-26,2017-11-26,true,false
0,0,Formas de Bem-casados personalizadas,https://solaser.com.br/formas-de-bem-casados-personalizadas/1/,https://solaser.octadesk.com/helpcenter,Fale Conosco,8,247,false,true,false,false,false,false,2017-11-26,2017-11-26,true,false
0,0,Personalização Solaser,https://solaser.com.br/como-personalizar/4/,https://solaser.octadesk.com/helpcenter,Fale Conosco,8,227,false,true,false,false,false,false,2017-11-26,2017-11-26,true,false
0,0,Nome personalizado em MDF,https://solaser.com.br/nome-personalizado-em-mdf/1/,https://solaser.octadesk.com/helpcenter,Fale Conosco,8,270,false,true,false,false,false,false,2017-12-01,2017-12-01,true,false
0,0,Placa de redes sociais Tinder sem personalização,https://solaser.com.br/placa-de-redes-sociais-tinder-sem-personalizacao/1/,https://solaser.octadesk.com/helpcenter,Fale Conosco,8,274,false,true,false,false,false,false,2017-12-07,2017-12-07,true,false
0,0,Formaturas,https://solaser.com.br/outros-eventos-formaturas/2/,https://solaser.octadesk.com/helpcenter,Fale Conosco,8,316,false,true,false,false,false,false,2017-11-26,2017-11-26,true,false
0,0,Placa de redes sociais Snap Legenda personalizada,https://solaser.com.br/placa-de-redes-sociais-snap-legenda-personalizada/1/,https://solaser.octadesk.com/helpcenter,Fale Conosco,12,272,false,true,false,false,false,false,2017-12-07,2017-12-07,true,false
0,0,Solaser Artigos Personalizados - Tudo para Sua Festa‎,http://solaser.com.br/15-anos-copos-canecas-e-tacas/2/?filter4=12,https://solaser.octadesk.com/helpcenter,Fale Conosco,8,231,false,true,false,false,false,false,2017-11-26,2017-11-26,true,false
0,0,Formas de doce Music,https://solaser.com.br/formas-de-doce-music/1/,https://solaser.octadesk.com/helpcenter,Fale Conosco,8,248,false,true,false,false,false,false,2017-12-01,2017-12-01,true,false
0,0,Placa Revista Vogue personalizada,https://solaser.com.br/placa-revista-vogue-personalizada/1/,https://solaser.octadesk.com/helpcenter,Fale Conosco,8,276,false,true,false,false,false,false,2017-12-07,2017-12-07,true,false
0,0,Adesivo de Parede Dreams Come True,https://solaser.com.br/adesivo-de-parede-dreams-come-true/1/,https://solaser.octadesk.com/helpcenter,Fale Conosco,9,246,false,true,false,false,false,false,2017-12-07,2017-12-07,true,false
0,0,Formas Sweet para Casamentos,https://solaser.com.br/casamentos-formas-de-doces-e-bandejas-formas-sweet/2/,https://solaser.octadesk.com/helpcenter,Fale Conosco,8,305,false,true,false,false,false,false,2017-11-26,2017-11-26,true,false
0,0,Entrega Solaser,https://solaser.com.br/entrega/4/#bm,https://solaser.octadesk.com/helpcenter,Fale Conosco,9,227,false,true,false,false,false,false,2017-12-01,2017-12-01,true,false
0,0,Adesivo de Parede Pray to God,https://solaser.com.br/adesivo-de-parede-pray-to-god/1/,https://solaser.octadesk.com/helpcenter,Fale Conosco,8,237,false,true,false,false,false,false,2017-11-26,2017-11-26,true,false
0,0,Formas de doce Purple Flower,https://solaser.com.br/formas-de-doce-purple-flower/1/,https://solaser.octadesk.com/helpcenter,Fale Conosco,8,251,false,true,false,false,false,false,2017-12-01,2017-12-01,true,false
0,0,Canais de Atendimento Solaser,https://solaser.com.br/canais-de-atendimento/4/,https://solaser.octadesk.com/helpcenter,Fale Conosco,9,227,false,true,false,false,false,false,2017-11-26,2017-11-26,true,false
0,0,Canais de Atendimento Solaser,https://solaser.com.br/canais-de-atendimento/4/,https://solaser.octadesk.com/helpcenter,AQUI,9,227,false,true,false,false,false,false,2017-11-26,2017-11-26,true,false
0,0,Adesivo de Parede Viva Cada Momento,https://solaser.com.br/adesivo-de-parede-viva-cada-momento/1/,https://solaser.octadesk.com/helpcenter,Fale Conosco,8,257,false,true,false,false,false,false,2017-12-01,2017-12-01,true,false
0,0,Formas de doce Sweet Jardim Encantado,https://solaser.com.br/formas-de-doce-sweet-jardim-encantado/1/,https://solaser.octadesk.com/helpcenter,Fale Conosco,8,250,false,true,false,false,false,false,2017-11-26,2017-11-26,true,false
0,0,Formas de Doces e Bandejas 15 Anos,https://solaser.com.br/15-anos-formas-de-doces-e-bandejas/2/#menu,https://solaser.octadesk.com/helpcenter,Fale Conosco,8,310,false,true,false,false,false,false,2017-12-01,2017-12-01,true,false
0,0,Placa de redes sociais Instagram personalizada,https://solaser.com.br/placa-de-redes-sociais-instagram-personalizada/1/,https://solaser.octadesk.com/helpcenter,Fale Conosco,8,268,false,true,false,false,false,false,2017-12-01,2017-12-01,true,false
0,0,Espelhos Infantis e Teens,https://solaser.com.br/decoracao-espelhos-decorativos-infantil-e-teens/2/,https://solaser.octadesk.com/helpcenter,Fale Conosco,8,270,false,true,false,false,false,false,2017-11-26,2017-11-26,true,false
0,0,"Caixa convite Enlace em MDF - 22x17x4,2 cm",https://solaser.com.br/caixa-convite-enlace-em-mdf-22x17x42-cm/1/,https://solaser.octadesk.com/helpcenter,Fale Conosco,8,272,false,true,false,false,false,false,2017-12-07,2017-12-07,true,false
0,0,Placa Revista Capricho personalizada,https://solaser.com.br/placa-revista-capricho-personalizada/1/,https://solaser.octadesk.com/helpcenter,Fale Conosco,8,265,false,true,false,false,false,false,2017-11-26,2017-11-26,true,false
0,0,Solaser Artigos Personalizados - Tudo para Sua Festa‎,https://solaser.com.br/casamentos-tapetes-de-noiva/2/,https://solaser.octadesk.com/helpcenter,Fale Conosco,8,236,false,true,false,false,false,false,2017-12-01,2017-12-01,true,false
0,0,Placas de Carro,https://solaser.com.br/casamentos-placas-de-carro/2/,https://solaser.octadesk.com/helpcenter,Fale Conosco,8,259,false,true,false,false,false,false,2017-11-26,2017-11-26,true,false
0,0,Adesivo de Parede Desejos,https://solaser.com.br/adesivo-de-parede-desejos/1/,https://solaser.octadesk.com/helpcenter,Fale Conosco,8,237,false,true,false,false,false,false,2017-11-26,2017-11-26,true,false
0,0,Adesivo de Parede Deus é Bom,https://solaser.com.br/adesivo-de-parede-deus-e-bom/1/,https://solaser.octadesk.com/helpcenter,Fale Conosco,8,239,false,true,false,false,false,false,2017-11-26,2017-11-26,true,false
0,0,Formas de doce Sweet Stripes Azul e Marrom,https://solaser.com.br/formas-de-doce-sweet-stripes-azul-e-marrom/1/,https://solaser.octadesk.com/helpcenter,Fale Conosco,8,250,false,true,false,false,false,false,2017-12-01,2017-12-01,true,false
0,0,Cadastro,https://solaser.com.br/cadastro/4/,https://solaser.octadesk.com/helpcenter,Fale Conosco,9,228,false,true,false,false,false,false,2017-11-26,2017-11-26,true,false
0,0,Espelhos para Cozinhas,https://solaser.com.br/decoracao-espelhos-decorativos-cozinha/2/,https://solaser.octadesk.com/helpcenter,Fale Conosco,8,250,false,true,false,false,false,false,2017-11-26,2017-11-26,true,false
0,0,Diversos 15 Anos,https://solaser.com.br/15-anos-diversos/2/,https://solaser.octadesk.com/helpcenter,Fale Conosco,8,278,false,true,false,false,false,false,2017-11-26,2017-11-26,true,false
0,0,Espelho Decorativo Relógio Borboletas,https://solaser.com.br/espelho-decorativo-relogio-borboletas/1/,https://solaser.octadesk.com/helpcenter,Fale Conosco,8,237,false,true,false,false,false,false,2017-11-26,2017-11-26,true,false
0,0,Formas de doce Sweet Delicate,https://solaser.com.br/formas-de-doce-sweet-delicate/1/,https://solaser.octadesk.com/helpcenter,Fale Conosco,8,250,false,true,false,false,false,false,2017-11-26,2017-11-26,true,false
0,0,Formas de doce Dark Rose,https://solaser.com.br/formas-de-doce-dark-rose/1/,https://solaser.octadesk.com/helpcenter,Fale Conosco,8,247,false,true,false,false,false,false,2017-12-01,2017-12-01,true,false
0,0,Displays para 15 Anos,https://solaser.com.br/15-anos-displays/2/,https://solaser.octadesk.com/helpcenter,Fale Conosco,8,249,false,true,false,false,false,false,2017-11-26,2017-11-26,true,false
0,0,Formas de doce Jardim Encantado,https://solaser.com.br/formas-de-doce-jardim-encantado/1/,https://solaser.octadesk.com/helpcenter,Fale Conosco,8,258,false,true,false,false,false,false,2017-12-07,2017-12-07,true,false
0,0,Leques 15 Anos,https://solaser.com.br/15-anos-leques/2/,https://solaser.octadesk.com/helpcenter,Fale Conosco,8,239,false,true,false,false,false,false,2017-11-26,2017-11-26,true,false
0,0,Formas de Doces e Bandejas Casamentos,https://solaser.com.br/casamentos-formas-de-doces-e-bandejas/2/#top,https://solaser.octadesk.com/helpcenter,Fale Conosco,8,310,false,true,false,false,false,false,2017-11-26,2017-11-26,true,false
0,0,Adesivo de Parede Pai Nosso,https://solaser.com.br/adesivo-de-parede-pai-nosso/1/,https://solaser.octadesk.com/helpcenter,Fale Conosco,8,255,false,true,false,false,false,false,2017-12-01,2017-12-01,true,false
0,0,Solaser Artigos Personalizados - Tudo para Sua Festa‎,http://solaser.com.br/casamentos-copos-canecas-e-tacas/2/,https://solaser.octadesk.com/helpcenter,Fale Conosco,8,239,false,true,false,false,false,false,2017-11-26,2017-11-26,true,false
0,0,Formas de Doces e Bandejas Casamentos,https://solaser.com.br/casamentos-formas-de-doces-e-bandejas/2/#menu,https://solaser.octadesk.com/helpcenter,Fale Conosco,8,310,false,true,false,false,false,false,2017-12-01,2017-12-01,true,false
0,0,Placas de Parede Personalizáveis,https://solaser.com.br/decoracao-placas-vintage-personalizaveis/2/,https://solaser.octadesk.com/helpcenter,Fale Conosco,8,239,false,true,false,false,false,false,2017-11-26,2017-11-26,true,false
0,0,15 Anos,https://solaser.com.br/15-anos/2/,https://solaser.octadesk.com/helpcenter,Fale Conosco,8,318,false,true,false,false,false,false,2017-11-26,2017-11-26,true,false
0,0,Placas de Parede,https://solaser.com.br/casamentos-placas-de-casamento-placas-de-parede/2/,https://solaser.octadesk.com/helpcenter,Fale Conosco,8,241,false,true,false,false,false,false,2017-11-26,2017-11-26,true,false
0,0,"Kit placas de redes sociais Casamento - Facebook, Instagram e Tinder sem personalização",https://solaser.com.br/kit-placas-de-redes-sociais-casamento-facebook-instagram-e-tinder-sem-personalizacao/1/,https://solaser.octadesk.com/helpcenter,Fale Conosco,12,267,false,true,false,false,false,false,2017-12-07,2017-12-07,true,false
0,0,Adesivo de Parede Amo a Liberdade,https://solaser.com.br/adesivo-de-parede-amo-a-liberdade/1/,https://solaser.octadesk.com/helpcenter,Fale Conosco,9,246,false,true,false,false,false,false,2017-12-07,2017-12-07,true,false
0,0,Bem-casados,https://solaser.com.br/casamentos-formas-de-doces-e-bandejas-bem-casados/2/,https://solaser.octadesk.com/helpcenter,Fale Conosco,8,235,false,true,false,false,false,false,2017-11-26,2017-11-26,true,false
0,0,Formas de doce Rosinha,https://solaser.com.br/formas-de-doce-rosinha/1/,https://solaser.octadesk.com/helpcenter,Fale Conosco,8,248,false,true,false,false,false,false,2017-12-01,2017-12-01,true,false
0,0,Adesivo de Parede Monte Castelo (Legião Urbana),https://solaser.com.br/adesivo-de-parede-monte-castelo-legiao-urbana/1/,https://solaser.octadesk.com/helpcenter,Fale Conosco,8,237,false,true,false,false,false,false,2017-11-26,2017-11-26,true,false
0,0,Espelho Decorativo Relógio Borboletas Voando Quadrado,https://solaser.com.br/espelho-decorativo-relogio-borboletas-voando-quadrado/1/,https://solaser.octadesk.com/helpcenter,Fale Conosco,8,243,false,true,false,false,false,false,2017-12-01,2017-12-01,true,false
0,0,Outros Eventos,https://solaser.com.br/outros-eventos/2/,https://solaser.octadesk.com/helpcenter,Fale Conosco,8,319,false,true,false,false,false,false,2017-11-26,2017-11-26,true,false
0,0,Solaser Artigos Personalizados - Tudo para Sua Festa‎,http://solaser.com.br/15-anos-copos-canecas-e-tacas/2/?filter4=10,https://solaser.octadesk.com/helpcenter,Fale Conosco,8,230,false,true,false,false,false,false,2017-11-26,2017-11-26,true,false
0,0,Adesivo de Parede Viva Sorria Ame,https://solaser.com.br/adesivo-de-parede-viva-sorria-ame/1/,https://solaser.octadesk.com/helpcenter,Fale Conosco,9,266,false,true,false,false,false,false,2017-12-07,2017-12-07,true,false
0,0,Placa de redes sociais Instagram Casamento sem personalização,https://solaser.com.br/placa-de-redes-sociais-instagram-casamento-sem-personalizacao/1/,https://solaser.octadesk.com/helpcenter,Fale Conosco,8,262,false,true,false,false,false,false,2017-12-01,2017-12-01,true,false
0,0,Privacidade e Segurança,https://solaser.com.br/privacidade-e-seguranca/4/#bm,https://solaser.octadesk.com/helpcenter,Fale Conosco,9,237,false,true,false,false,false,false,2017-12-07,2017-12-07,true,false
0,0,Trios de Telas Petit,https://solaser.com.br/decoracao-telas-decorativas-trios-de-telas-petit/2/,https://solaser.octadesk.com/helpcenter,Fale Conosco,8,264,false,true,false,false,false,false,2017-11-26,2017-11-26,true,false
0,0,Espelho Decorativo Anjinhos Felizes,https://solaser.com.br/espelho-decorativo-anjinhos-felizes/1/,https://solaser.octadesk.com/helpcenter,Fale Conosco,8,239,false,true,false,false,false,false,2017-11-26,2017-11-26,true,false
0,0,Espelho Decorativo Relógio Árvore,https://solaser.com.br/espelho-decorativo-relogio-arvore/1/,https://solaser.octadesk.com/helpcenter,Fale Conosco,8,255,false,true,false,false,false,false,2017-11-26,2017-11-26,true,false
0,0,Formas de doce Sweet Bouquet,https://solaser.com.br/formas-de-doce-sweet-bouquet/1/,https://solaser.octadesk.com/helpcenter,Fale Conosco,8,247,false,true,false,false,false,false,2017-11-26,2017-11-26,true,false
0,0,Espelho Decorativo Relógio Aladin,https://solaser.com.br/espelho-decorativo-relogio-aladdin/1/,https://solaser.octadesk.com/helpcenter,Fale Conosco,8,267,false,true,false,false,false,false,2017-12-07,2017-12-07,true,false
0,0,Lembranças de 15 Anos,https://solaser.com.br/15-anos-lembrancas/2/#top,https://solaser.octadesk.com/helpcenter,Fale Conosco,8,244,false,true,false,false,false,false,2017-12-01,2017-12-01,true,false
0,0,Duas placas de cadeira dos noivos Eu Roubei o Coração Dela em MDF,https://solaser.com.br/duas-placas-de-cadeira-dos-noivos-eu-roubei-o-coracao-dela-em-mdf/1/,https://solaser.octadesk.com/helpcenter,Fale Conosco,12,267,false,true,false,false,false,false,2017-12-07,2017-12-07,true,false
0,0,Placas Divertidas Casamentos,https://solaser.com.br/casamentos-placas-divertidas/2/,https://solaser.octadesk.com/helpcenter,Fale Conosco,8,282,false,true,false,false,false,false,2017-12-01,2017-12-01,true,false
0,0,Cadastro,https://solaser.com.br/cadastro/4/#bm,https://solaser.octadesk.com/helpcenter,Fale Conosco,9,237,false,true,false,false,false,false,2017-12-07,2017-12-07,true,false
0,0,Formas de doce Nude Flower,https://solaser.com.br/formas-de-doce-nude-flower/1/,https://solaser.octadesk.com/helpcenter,Fale Conosco,8,248,false,true,false,false,false,false,2017-11-26,2017-11-26,true,false
0,0,Solaser Artigos Personalizados - Tudo para Sua Festa‎,http://solaser.com.br/15-anos-copos-canecas-e-tacas/2/?filter1=1,https://solaser.octadesk.com/helpcenter,Fale Conosco,8,237,false,true,false,false,false,false,2017-11-26,2017-11-26,true,false
0,0,Adesivo de Parede Novo Começo e Novo Fim (Chico Chavier),https://solaser.com.br/adesivo-de-parede-novo-comeco-e-novo-fim-chico-chavier/1/,https://solaser.octadesk.com/helpcenter,Fale Conosco,9,252,false,true,false,false,false,false,2017-12-07,2017-12-07,true,false
0,0,Cadastro,http://solaser.com.br/cadastro/4/,https://solaser.octadesk.com/helpcenter,Fale Conosco,9,228,false,true,false,false,false,false,2017-11-26,2017-11-26,true,false
0,0,Chá Bar ou de Panela,https://solaser.com.br/outros-eventos-cha-bar-ou-de-panela/2/,https://solaser.octadesk.com/helpcenter,Fale Conosco,8,319,false,true,false,false,false,false,2017-11-26,2017-11-26,true,false
0,0,Solaser Artigos Personalizados - Tudo para Sua Festa‎,http://solaser.com.br/15-anos-copos-canecas-e-tacas/2/?filter3=5,https://solaser.octadesk.com/helpcenter,Fale Conosco,8,230,false,true,false,false,false,false,2017-11-26,2017-11-26,true,false
0,0,Casamentos - Solaser,https://solaser.com.br/casamentos/2/,https://solaser.octadesk.com/helpcenter,Fale Conosco,8,319,false,true,false,false,false,false,2017-12-01,2017-12-01,true,false
0,0,Formas de doce Mandalas,https://solaser.com.br/formas-de-doce-mandalas/1/,https://solaser.octadesk.com/helpcenter,Fale Conosco,8,251,false,true,false,false,false,false,2017-11-26,2017-11-26,true,false
0,0,Display de mesa porta-joias Árvore em MDF,https://solaser.com.br/display-de-mesa-porta-joias-arvore-em-mdf/1/,https://solaser.octadesk.com/helpcenter,Fale Conosco,8,260,false,true,false,false,false,false,2017-12-01,2017-12-01,true,false
0,0,Decoração - Porta-retratos,https://solaser.com.br/decoracao-porta-retratos/2/,https://solaser.octadesk.com/helpcenter,Fale Conosco,8,255,false,true,false,false,false,false,2017-11-26,2017-11-26,true,false
0,0,Formas de doce Sweet Purple Flower,https://solaser.com.br/formas-de-doce-sweet-purple-flower/1/,https://solaser.octadesk.com/helpcenter,Fale Conosco,8,258,false,true,false,false,false,false,2017-11-26,2017-11-26,true,false
0,0,Chá de Bebê ou de Fralda,https://solaser.com.br/outros-eventos-cha-de-bebe-ou-de-fralda/2/,https://solaser.octadesk.com/helpcenter,Fale Conosco,8,314,false,true,false,false,false,false,2017-11-26,2017-11-26,true,false
0,0,"Caixa convite Valsa em MDF - 22x17x4,2 cm",https://solaser.com.br/caixa-convite-valsa-em-mdf-22x17x42-cm/1/,https://solaser.octadesk.com/helpcenter,Fale Conosco,8,264,false,true,false,false,false,false,2017-11-26,2017-11-26,true,false
0,0,Adesivo de Parede Livrai-nos do Mal,https://solaser.com.br/adesivo-de-parede-livrai-nos-do-mal/1/,https://solaser.octadesk.com/helpcenter,Fale Conosco,8,249,false,true,false,false,false,false,2017-12-07,2017-12-07,true,false
0,0,Adesivo de Parede Todos os Sonhos,https://solaser.com.br/adesivo-de-parede-todos-os-sonhos/1/,https://solaser.octadesk.com/helpcenter,Fale Conosco,8,247,false,true,false,false,false,false,2017-12-07,2017-12-07,true,false
0,0,Formas de doce Sweet Rosinha,https://solaser.com.br/formas-de-doce-sweet-rosinha/1/,https://solaser.octadesk.com/helpcenter,Fale Conosco,8,248,false,true,false,false,false,false,2017-12-01,2017-12-01,true,false
0,0,Topo de bolo ou display personalizado em MDF,https://solaser.com.br/topo-de-bolo-ou-display-personalizado-em-mdf/1/,https://solaser.octadesk.com/helpcenter,Fale Conosco,8,271,false,true,false,false,false,false,2017-11-26,2017-11-26,true,false
0,0,Formas Dolce para Casamentos,https://solaser.com.br/casamentos-formas-de-doces-e-bandejas-formas-dolce/2/,https://solaser.octadesk.com/helpcenter,Fale Conosco,8,310,false,true,false,false,false,false,2017-11-26,2017-11-26,true,false
0,0,Formas de doce Color Roses,https://solaser.com.br/formas-de-doce-color-roses/1/,https://solaser.octadesk.com/helpcenter,Fale Conosco,8,249,false,true,false,false,false,false,2017-12-01,2017-12-01,true,false
0,0,Plaquinhas Diversas,https://solaser.com.br/decoracao-placas-vintage-diversas/2/,https://solaser.octadesk.com/helpcenter,Fale Conosco,8,294,false,true,false,false,false,false,2017-11-26,2017-11-26,true,false
0,0,Espelho Decorativo Relógio Israel,https://solaser.com.br/espelho-decorativo-relogio-israel/1/,https://solaser.octadesk.com/helpcenter,Fale Conosco,9,266,false,true,false,false,false,false,2017-12-07,2017-12-07,true,false
0,0,Adesivo de Parede A Vida é Curta,https://solaser.com.br/adesivo-de-parede-a-vida-e-curta/1/,https://solaser.octadesk.com/helpcenter,Fale Conosco,8,237,false,true,false,false,false,false,2017-12-01,2017-12-01,true,false
0,0,Como Comprar,http://solaser.com.br/como-comprar/4/,https://solaser.octadesk.com/helpcenter,Fale Conosco,8,229,false,true,false,false,false,false,2017-11-26,2017-11-26,true,false
0,0,Adesivo de Parede You Can,https://solaser.com.br/adesivo-de-parede-you-can/1/,https://solaser.octadesk.com/helpcenter,Fale Conosco,9,254,false,true,false,false,false,false,2017-12-07,2017-12-07,true,false
0,0,Adesivo de Parede Minha Força,https://solaser.com.br/adesivo-de-parede-minha-forca/1/,https://solaser.octadesk.com/helpcenter,Fale Conosco,8,237,false,true,false,false,false,false,2017-12-01,2017-12-01,true,false
0,0,Formas de Doce Personalizáveis para 15 Anos,https://solaser.com.br/15-anos-formas-de-doces-e-bandejas-personalizaveis/2/,https://solaser.octadesk.com/helpcenter,Fale Conosco,8,241,false,true,false,false,false,false,2017-11-26,2017-11-26,true,false
0,0,Porta-guardanapos Rosa personalizado em MDF - 500 unidades,https://solaser.com.br/porta-guardanapos-rosa-personalizado-em-mdf-500-unidades-1167-500/1/,https://solaser.octadesk.com/helpcenter,Fale Conosco,8,248,false,true,false,false,false,false,2017-12-01,2017-12-01,true,false
0,0,Espelho Decorativo Relógio Corações,https://solaser.com.br/espelho-decorativo-relogio-coracoes/1/,https://solaser.octadesk.com/helpcenter,Fale Conosco,8,241,false,true,false,false,false,false,2017-11-26,2017-11-26,true,false
0,0,Formas de doce Paris,https://solaser.com.br/formas-de-doce-paris/1/,https://solaser.octadesk.com/helpcenter,Fale Conosco,8,242,false,true,false,false,false,false,2017-11-26,2017-11-26,true,false
0,0,Placa de redes sociais Snapchat personalizada,https://solaser.com.br/placa-de-redes-sociais-snapchat-personalizada/1/,https://solaser.octadesk.com/helpcenter,Fale Conosco,8,268,false,true,false,false,false,false,2017-11-26,2017-11-26,true,false
0,0,Formas de doce Sweet Dark Bouquet,https://solaser.com.br/formas-de-doce-sweet-dark-bouquet/1/,https://solaser.octadesk.com/helpcenter,Fale Conosco,8,256,false,true,false,false,false,false,2017-12-07,2017-12-07,true,false
0,0,Adesivo de Parede Faixa Amor,https://solaser.com.br/adesivo-de-parede-faixa-amor/1/,https://solaser.octadesk.com/helpcenter,Fale Conosco,8,237,false,true,false,false,false,false,2017-12-01,2017-12-01,true,false
0,0,Formas de doce Stripes Rosa e Marrom,https://solaser.com.br/formas-de-doce-stripes-rosa-e-marrom/1/,https://solaser.octadesk.com/helpcenter,Fale Conosco,14,254,false,true,false,false,false,false,2017-12-07,2017-12-07,true,false
0,0,Decoração - Adesivos Decorativos,https://solaser.com.br/decoracao-adesivos/2/,https://solaser.octadesk.com/helpcenter,Fale Conosco,8,305,false,true,false,false,false,false,2017-11-26,2017-11-26,true,false
0,0,Porta-copos lembrança redondos personalizados em MDF,https://solaser.com.br/porta-copos-lembranca-redondos-personalizados-em-mdf/1/,https://solaser.octadesk.com/helpcenter,Fale Conosco,8,262,false,true,false,false,false,false,2017-12-07,2017-12-07,true,false
0,0,Adesivo de Parede O Segrede é Ter Fé,https://solaser.com.br/adesivo-de-parede-o-segrede-e-ter-fe/1/,https://solaser.octadesk.com/helpcenter,Fale Conosco,8,236,false,true,false,false,false,false,2017-11-26,2017-11-26,true,false
0,0,Formas de doce Bouquet,https://solaser.com.br/formas-de-doce-bouquet/1/,https://solaser.octadesk.com/helpcenter,Fale Conosco,11,253,false,true,false,false,false,false,2017-12-07,2017-12-07,true,false
0,0,Placa de redes sociais Facebook Casamento sem personalização,https://solaser.com.br/placa-de-redes-sociais-facebook-casamento-sem-personalizacao/1/,https://solaser.octadesk.com/helpcenter,Fale Conosco,8,262,false,true,false,false,false,false,2017-11-26,2017-11-26,true,false
0,0,Espelho Decorativo Relógio Selva,https://solaser.com.br/espelho-decorativo-relogio-selva/1/,https://solaser.octadesk.com/helpcenter,Fale Conosco,8,237,false,true,false,false,false,false,2017-12-01,2017-12-01,true,false
0,0,Solaser Artigos Personalizados - Tudo para Sua Festa‎,http://solaser.com.br/15-anos-copos-canecas-e-tacas/2/,https://solaser.octadesk.com/helpcenter,Fale Conosco,8,239,false,true,false,false,false,false,2017-11-26,2017-11-26,true,false
0,0,Placa de redes sociais Snap Save personalizada,https://solaser.com.br/placa-de-redes-sociais-snap-save-personalizada/1/,https://solaser.octadesk.com/helpcenter,Fale Conosco,8,252,false,true,false,false,false,false,2017-11-26,2017-11-26,true,false
0,0,Display de mesa Árvore em MDF,https://solaser.com.br/display-de-mesa-arvore-em-mdf/1/,https://solaser.octadesk.com/helpcenter,Fale Conosco,8,262,false,true,false,false,false,false,2017-12-01,2017-12-01,true,false
0,0,Formas de doce Sweet Color Roses,https://solaser.com.br/formas-de-doce-sweet-color-roses/1/,https://solaser.octadesk.com/helpcenter,Fale Conosco,14,252,false,true,false,false,false,false,2017-12-07,2017-12-07,true,false
0,0,Adesivo de Parede Filtro dos Sonhos,https://solaser.com.br/adesivo-de-parede-filtro-dos-sonhos/1/,https://solaser.octadesk.com/helpcenter,Fale Conosco,8,239,false,true,false,false,false,false,2017-12-01,2017-12-01,true,false
0,0,Fale Conosco,http://solaser.com.br/contato/#top,https://solaser.octadesk.com/helpcenter,Fale Conosco,9,237,false,true,false,false,false,false,2017-12-07,2017-12-07,true,false
0,0,Adesivo de Parede Deus Não Tarda,https://solaser.com.br/adesivo-de-parede-deus-nao-tarda/1/,https://solaser.octadesk.com/helpcenter,Fale Conosco,8,247,false,true,false,false,false,false,2017-12-01,2017-12-01,true,false
0,0,Caixa multiuso em MDF,https://solaser.com.br/caixa-multiuso-em-mdf/1/,https://solaser.octadesk.com/helpcenter,Fale Conosco,8,266,false,true,false,false,false,false,2017-11-26,2017-11-26,true,false
0,0,Placa de redes sociais It's a Match sem personalização,https://solaser.com.br/placa-de-redes-sociais-its-a-match-sem-personalizacao/1/,https://solaser.octadesk.com/helpcenter,Fale Conosco,8,264,false,true,false,false,false,false,2017-11-26,2017-11-26,true,false
0,0,Placas de Redes Sociais Casamentos,https://solaser.com.br/casamentos-placas-de-redes-sociais/2/#top,https://solaser.octadesk.com/helpcenter,Fale Conosco,8,262,false,true,false,false,false,false,2017-12-01,2017-12-01,true,false
0,0,Espelho Decorativo Relógio Romano,https://solaser.com.br/espelho-decorativo-relogio-romano/1/,https://solaser.octadesk.com/helpcenter,Fale Conosco,8,239,false,true,false,false,false,false,2017-12-01,2017-12-01,true,false
0,0,Adesivo de Parede O Segredo das Borboletas,https://solaser.com.br/adesivo-de-parede-o-segredo-das-borboletas/1/,https://solaser.octadesk.com/helpcenter,Fale Conosco,8,239,false,true,false,false,false,false,2017-12-01,2017-12-01,true,false
0,0,Mapa do site,http://solaser.com.br/mapa-do-site#menu,https://solaser.octadesk.com/helpcenter,Fale Conosco,8,320,false,true,false,false,false,false,2017-12-01,2017-12-01,true,false
0,0,Displays para Casamentos,https://solaser.com.br/casamentos-displays/2/,https://solaser.octadesk.com/helpcenter,Fale Conosco,8,292,false,true,false,false,false,false,2017-11-26,2017-11-26,true,false
0,0,Decoração - Diversos,https://solaser.com.br/decoracao-diversos/2/#top,https://solaser.octadesk.com/helpcenter,Fale Conosco,8,261,false,true,false,false,false,false,2017-12-01,2017-12-01,true,false
0,0,Relógios Espelhados,https://solaser.com.br/decoracao-espelhos-decorativos-relogios/2/#top,https://solaser.octadesk.com/helpcenter,Fale Conosco,8,255,false,true,false,false,false,false,2017-11-26,2017-11-26,true,false
0,0,Política de Troca e Devolução,http://solaser.com.br/politica-de-troca-e-devolucao/4/,https://solaser.octadesk.com/helpcenter,Fale Conosco,13,228,false,true,false,false,false,false,2017-12-01,2017-12-01,true,false
0,0,Mapa do site,http://solaser.com.br/mapa-do-site#top,https://solaser.octadesk.com/helpcenter,Fale Conosco,8,335,false,true,false,false,false,false,2017-12-07,2017-12-07,true,false
0,0,Adesivo de Parede Seja Você,https://solaser.com.br/adesivo-de-parede-seja-voce/1/,https://solaser.octadesk.com/helpcenter,Fale Conosco,8,237,false,true,false,false,false,false,2017-11-26,2017-11-26,true,false
0,0,Chaveiros Casamentos,https://solaser.com.br/casamentos-chaveiros/2/,https://solaser.octadesk.com/helpcenter,Fale Conosco,8,266,false,true,false,false,false,false,2017-12-07,2017-12-07,true,false
0,0,Kit formas de doce com estampas variadas em papel fosco - 1000 unidades,https://solaser.com.br/kit-formas-de-doce-com-estampas-variadas-em-papel-fosco-1000-unidades/1/,https://solaser.octadesk.com/helpcenter,Fale Conosco,8,272,false,true,false,false,false,false,2017-11-26,2017-11-26,true,false
0,0,Lembranças de 15 Anos,https://solaser.com.br/15-anos-lembrancas/2/#menu,https://solaser.octadesk.com/helpcenter,Fale Conosco,8,244,false,true,false,false,false,false,2017-12-01,2017-12-01,true,false
0,0,Placa de Parede Pinup com Chale Branco,https://solaser.com.br/placa-de-parede-pinup-com-chale-branco/1/,https://solaser.octadesk.com/helpcenter,Fale Conosco,8,236,false,true,false,false,false,false,2017-12-01,2017-12-01,true,false
0,0,Formas de doce Sweet Gold,https://solaser.com.br/formas-de-doce-sweet-gold/1/,https://solaser.octadesk.com/helpcenter,Fale Conosco,8,249,false,true,false,false,false,false,2017-12-01,2017-12-01,true,false
0,0,Espelho Decorativo Relógio Arábia,https://solaser.com.br/espelho-decorativo-relogio-arabia/1/,https://solaser.octadesk.com/helpcenter,Fale Conosco,8,255,false,true,false,false,false,false,2017-11-26,2017-11-26,true,false
0,0,Adesivos de Frases,https://solaser.com.br/decoracao-adesivos-frases/2/#menu,https://solaser.octadesk.com/helpcenter,Fale Conosco,8,297,false,true,false,false,false,false,2017-11-26,2017-11-26,true,false
0,0,Adesivo de Parede O Verdadeiro Amor,https://solaser.com.br/adesivo-de-parede-o-verdadeiro-amor/1/,https://solaser.octadesk.com/helpcenter,Fale Conosco,8,247,false,true,false,false,false,false,2017-12-07,2017-12-07,true,false
0,0,Formas de doce Delicate,https://solaser.com.br/formas-de-doce-delicate/1/,https://solaser.octadesk.com/helpcenter,Fale Conosco,8,249,false,true,false,false,false,false,2017-12-01,2017-12-01,true,false
0,0,Adesivo de Parede Deus Palavras Cruzadas,https://solaser.com.br/adesivo-de-parede-deus-palavras-cruzadas/1/,https://solaser.octadesk.com/helpcenter,Fale Conosco,8,237,false,true,false,false,false,false,2017-12-01,2017-12-01,true,false
0,0,Formas de doce Sweet Music,https://solaser.com.br/formas-de-doce-sweet-music/1/,https://solaser.octadesk.com/helpcenter,Fale Conosco,8,256,false,true,false,false,false,false,2017-12-07,2017-12-07,true,false
0,0,Adesivo de Parede Palavras Cruzadas,https://solaser.com.br/adesivo-de-parede-palavras-cruzadas/1/,https://solaser.octadesk.com/helpcenter,Fale Conosco,8,239,false,true,false,false,false,false,2017-11-26,2017-11-26,true,false
0,0,Fale Conosco,http://solaser.com.br/contato,https://solaser.octadesk.com/helpcenter,Fale Conosco,9,228,false,true,false,false,false,false,2017-11-26,2017-11-26,true,false
0,0,Adesivo de Parede Amor Felicidade Sonhos,https://solaser.com.br/adesivo-de-parede-amor-felicidade-sonhos/1/,https://solaser.octadesk.com/helpcenter,Fale Conosco,8,237,false,true,false,false,false,false,2017-11-26,2017-11-26,true,false
0,0,Cabides 15 Anos,https://solaser.com.br/15-anos-cabides/2/,https://solaser.octadesk.com/helpcenter,Fale Conosco,8,261,false,true,false,false,false,false,2017-11-26,2017-11-26,true,false
0,0,Adesivo de Parede Quando Tudo For Pedra,https://solaser.com.br/adesivo-de-parede-quando-tudo-for-pedra/1/,https://solaser.octadesk.com/helpcenter,Fale Conosco,8,237,false,true,false,false,false,false,2017-12-01,2017-12-01,true,false
0,0,Adesivo de Parede Imaginar (Albert Einstein),https://solaser.com.br/adesivo-de-parede-imaginar-albert-einstein/1/,https://solaser.octadesk.com/helpcenter,Fale Conosco,8,237,false,true,false,false,false,false,2017-12-01,2017-12-01,true,false
0,0,Mapa do site,https://solaser.com.br/mapa-do-site,https://solaser.octadesk.com/helpcenter,Fale Conosco,8,321,false,true,false,false,false,false,2017-11-26,2017-11-26,true,false
0,0,Decoração - Diversos,https://solaser.com.br/decoracao-diversos/2/#menu,https://solaser.octadesk.com/helpcenter,Fale Conosco,8,261,false,true,false,false,false,false,2017-12-01,2017-12-01,true,false
0,0,Formas de doce Stripes Azul e Marrom,https://solaser.com.br/formas-de-doce-stripes-azul-e-marrom/1/,https://solaser.octadesk.com/helpcenter,Fale Conosco,8,249,false,true,false,false,false,false,2017-11-26,2017-11-26,true,false
0,0,Placa Revista Caras personalizada,https://solaser.com.br/placa-revista-caras-personalizada/1/,https://solaser.octadesk.com/helpcenter,Fale Conosco,8,275,false,true,false,false,false,false,2017-12-07,2017-12-07,true,false
0,0,Pistas de Dança Casamentos,https://solaser.com.br/casamentos-pistas-de-danca/2/,https://solaser.octadesk.com/helpcenter,Fale Conosco,8,259,false,true,false,false,false,false,2017-11-26,2017-11-26,true,false
0,0,Cadastro,http://solaser.com.br/cadastro/4/,https://solaser.octadesk.com/helpcenter#bm,Fale Conosco,9,228,false,true,false,false,false,false,2017-11-26,2017-11-26,true,false
0,0,Cadastro,https://solaser.com.br/cadastro/4/,https://solaser.octadesk.com/helpcenter#bm,Fale Conosco,9,228,false,true,false,false,false,false,2017-11-26,2017-11-26,true,false
0,0,Entrega Solaser,https://solaser.com.br/entrega/4/#bm,https://solaser.octadesk.com/helpcenter#bm,Fale Conosco,9,227,false,true,false,false,false,false,2017-12-01,2017-12-01,true,false
0,0,Política de Troca e Devolução,http://solaser.com.br/politica-de-troca-e-devolucao/4/,https://solaser.octadesk.com/helpcenter#bm,Fale Conosco,13,228,false,true,false,false,false,false,2017-12-01,2017-12-01,true,false
0,0,Fale Conosco,https://solaser.com.br/contato,https://solaser.octadesk.com/helpcenter#bm,Fale Conosco,9,228,false,true,false,false,false,false,2017-11-26,2017-11-26,true,false
0,0,Fale Conosco,http://solaser.com.br/contato/#menu,https://solaser.octadesk.com/helpcenter#bm,Fale Conosco,9,227,false,true,false,false,false,false,2017-11-26,2017-11-26,true,false
0,0,Privacidade e Segurança,https://solaser.com.br/privacidade-e-seguranca/4/#bm,https://solaser.octadesk.com/helpcenter#bm,Fale Conosco,9,237,false,true,false,false,false,false,2017-12-07,2017-12-07,true,false
0,0,Cadastro,https://solaser.com.br/cadastro/4/#bm,https://solaser.octadesk.com/helpcenter#bm,Fale Conosco,9,237,false,true,false,false,false,false,2017-12-07,2017-12-07,true,false
0,0,Fale Conosco,http://solaser.com.br/contato/#top,https://solaser.octadesk.com/helpcenter#bm,Fale Conosco,9,237,false,true,false,false,false,false,2017-12-07,2017-12-07,true,false
0,0,Fale Conosco,https://solaser.com.br/contato,https://solaser.octadesk.com/helpcenter,Fale Conosco,9,228,false,true,false,false,false,false,2017-11-26,2017-11-26,true,false
0,0,Política de Troca e Devolução,https://solaser.com.br/politica-de-troca-e-devolucao/4/#bm,https://solaser.octadesk.com/helpcenter#bm,Fale Conosco,13,237,false,true,false,false,false,false,2017-12-07,2017-12-07,true,false
0,0,Fale Conosco,http://solaser.com.br/contato,https://solaser.octadesk.com/helpcenter#bm,Fale Conosco,9,228,false,true,false,false,false,false,2017-11-26,2017-11-26,true,false
0,0,Formas de doce Purple Rose,https://solaser.com.br/formas-de-doce-purple-rose/1/,https://solaser.octadesk.com/helpcenter,Fale Conosco,8,256,false,true,false,false,false,false,2017-12-07,2017-12-07,true,false
0,0,Fale Conosco,http://solaser.com.br/contato/#menu,https://solaser.octadesk.com/helpcenter,Fale Conosco,9,227,false,true,false,false,false,false,2017-11-26,2017-11-26,true,false
0,0,Formas de doce Sweet Stripes Rosa e Marrom,https://solaser.com.br/formas-de-doce-sweet-stripes-rosa-e-marrom/1/,https://solaser.octadesk.com/helpcenter,Fale Conosco,8,259,false,true,false,false,false,false,2017-12-07,2017-12-07,true,false
0,0,Bandeja provençal porta-tubetes ou cones em MDF,https://solaser.com.br/bandeja-provencal-porta-tubetes-ou-cones-em-mdf/1/,https://solaser.octadesk.com/helpcenter,Fale Conosco,8,268,false,true,false,false,false,false,2017-12-01,2017-12-01,true,false
0,0,Relógios Espelhados,https://solaser.com.br/decoracao-espelhos-decorativos-relogios/2/#menu,https://solaser.octadesk.com/helpcenter,Fale Conosco,8,265,false,true,false,false,false,false,2017-12-07,2017-12-07,true,false
0,0,Formas de doce Sweet Paris,https://solaser.com.br/formas-de-doce-sweet-paris/1/,https://solaser.octadesk.com/helpcenter,Fale Conosco,8,243,false,true,false,false,false,false,2017-11-26,2017-11-26,true,false
0,0,Placa de redes sociais Twitter personalizada,https://solaser.com.br/placa-de-redes-sociais-twitter-personalizada/1/,https://solaser.octadesk.com/helpcenter,Fale Conosco,8,268,false,true,false,false,false,false,2017-11-26,2017-11-26,true,false
0,0,Política de Troca e Devolução,https://solaser.com.br/politica-de-troca-e-devolucao/4/#bm,https://solaser.octadesk.com/helpcenter,Fale Conosco,13,237,false,true,false,false,false,false,2017-12-07,2017-12-07,true,false
0,0,"website list, web design, advertisement, marketing, seo, bangdung",http://websitelist.in/website-list-172.html,http://octadesk.com/,octadesk.com,5010,205,true,true,false,false,false,false,2017-09-19,2017-09-19,false,false
0,0,266 - rankank.com,http://www.rankank.com/list/266.html,http://octadesk.com/,octadesk.com,10000,16,true,true,false,false,false,false,2017-09-26,2017-10-28,false,false
0,0,Octadesk Engineering | StackShare,https://stackshare.io/octadesk,https://www.octadesk.com/,12417706 1557636691227514 8449106216098502562 n,9,91,true,true,false,false,false,false,2017-10-31,2017-12-04,false,false
0,0,Octadesk Engineering | StackShare,https://stackshare.io/octadesk,https://www.octadesk.com/,octadesk.com,9,91,true,true,false,false,false,false,2017-10-31,2017-12-04,false,false
0,0,Octadesk Engineering | StackShare,https://stackshare.io/octadesk,https://www.octadesk.com/,visit website,9,91,true,true,false,false,false,false,2017-10-31,2017-12-04,false,false
0,0,octadesk.com-,http://brweb.xyz/www/octadesk.com#,http://octadesk.com/, Visite o site,1,6,true,true,false,false,false,false,2017-11-29,2017-11-29,true,false
0,0,octadesk.com-,http://brweb.xyz/www/octadesk.com,http://octadesk.com/, Visite o site,1,6,true,true,false,false,false,false,2017-09-02,2017-11-17,false,false
0,0,Start-up brasileira foca em oferecer qualidade de atendimento,http://www.portalnovarejo.com.br/2017/04/28/startup-oferecer-qualidade-atendimento/#mobile-nav,https://www.octadesk.com/,Octadesk,20,112,false,true,false,false,false,false,2017-11-30,2017-11-30,true,false
0,0,Start-up brasileira foca em oferecer qualidade de atendimento,http://www.portalnovarejo.com.br/2017/04/28/startup-oferecer-qualidade-atendimento/#dtblock49692ad0df1271d675e400aa64dd06da,https://www.octadesk.com/,Octadesk,20,113,false,true,false,false,false,false,2017-11-28,2017-11-28,true,false
0,0,7 dicas infalíveis para atrair e fidelizar clientes,https://www.ecommercebrasil.com.br/artigos/dicas-fidelizar-clientes/,https://www.octadesk.com/,,94,122,false,true,false,false,false,false,2017-11-24,2017-11-24,true,false
0,0,Octadesk.com - Help Desk e sistema de atendimento ao cliente Octadesk,http://www.webwiki.pt/octadesk.com,http://www.octadesk.com/,Visitar Octa­desk.com,6,71,true,true,false,false,false,false,2017-11-18,2017-11-18,true,false
0,0,Octadesk.com - Help Desk e sistema de atendimento ao cliente Octadesk,http://www.webwiki.pt/octadesk.com,http://www.octadesk.com/,Octadesk.com - Help Desk e sistema de atendimento ao cliente Octadesk,6,71,true,true,false,false,false,false,2017-11-18,2017-11-18,true,false
0,0,rd summit 2016/Evindex Pesquisar,http://www.evindex.com/s_rd%20summit%202016/,https://blog.octadesk.com/rd-summit-2016/,RD Summit 2016 – O maior evento de marketing digital …,10,3,true,true,false,false,false,false,2017-11-15,2017-11-15,true,false
0,0,Vendas no dia dos namorados: 5 dicas para melhorar seus resultados,http://www.vendamais.com.br/vendas-no-dia-dos-namorados/#comentable,https://www.octadesk.com/,Octadesk,11,56,false,true,false,false,false,false,2017-12-03,2017-12-03,true,false
0,0,The 8 Best Free and Open Source Help Desk Software Tools - Capterra Blog,https://blog.capterra.com/the-7-best-free-help-desk-software-tools/,https://www.octadesk.com/,https://www.octadesk.com,57,62,true,true,false,false,false,false,2017-11-09,2017-11-09,false,false
0,0,Aplicativos de gestão de MPEs - Blog CARGOBR,http://blog.cargobr.com/aplicativos-de-gestao-de-mpes/#respond,https://www.octadesk.com/,Se deseja mais informações sobre o Octadesk é só clicar aqui.,12,43,false,true,false,false,false,false,2017-11-28,2017-11-28,true,false
0,0,"StartSe - Sua comunidade para aprender, empreender e investir na nova economia de startups",https://startse.com/startup/octadesk,http://octadesk.com/,octadesk.com,13,24,false,true,false,false,false,false,2017-12-07,2017-12-07,true,false
0,0,sejalive.com.br,http://sitegur.com/sejalive.com.br,http://octadesk.com/,,12,20,true,true,false,false,false,false,2017-07-23,2017-11-21,false,false
