,keyword,Position,volume,difficulty
136,entrar,44,450000,76.44
141,chat,57,90500,74.32
376,brbid,67,40500,92.61
645,tempo real,93,33100,85.56
137,preço,31,33100,76.2
161,conhecimento,45,14800,74.5
261,em tempo,57,14800,73.93
290,central de buscas,55,9900,64.37
289,uma,92,9900,76.4
553,preco,90,8100,65.38
545,loguim,80,6600,61.81
135,demo,10,5400,57.3
468,a partir de,59,4400,88.02
190,email entra,50,4400,80.9
267,auto atendimento,72,4400,64.36
165,guide,16,3600,53.13
199,quem somos nós,63,3600,86.66
653,helpdesk,21,3600,53.98
1,helpdesk,4,3600,53.98
143,ver preço,18,2900,77.58
163,demonstração,21,2900,80.96
595,autoatendimento,79,2900,74.77
573,temporeal,76,2900,68.34
593,precos,67,1900,75.67
186,logotipos de marcas,33,1900,73.85
188,assista,32,1600,70.3
128,ticket.com,31,1300,29.01
257,analise de dados,39,1300,63.04
353,logotipo online,91,1300,64.72
145,wharton,9,1300,60.15
589,brbrid,96,1300,85.33
151,chate,16,1000,74.13
184,www.entrar,25,1000,74.4
482,br bird,73,1000,81.94
283,compare preço,89,1000,73.15
472,em tempo real,90,1000,74.27
614,suporte totvs com br,39,880,71.09
226,zen recife,68,880,73.64
565,sistema definição,99,880,84.95
520,ajuda ajuda,100,880,78.33
252,chat portugal,94,880,63.42
456,conhecimento é tudo,97,880,75.67
588,oq é software,64,720,86.98
365,help desk caixa telefone,80,720,69.2
78,help desk caixa telefone,65,720,69.2
73,atendimento online vivo,100,720,84.49
133,abrir meu tom,49,720,90.85
704,help desk caixa telefone,23,720,69.2
438,www entrar com,49,590,72.06
107,chamado tecnico,82,590,55.33
460,base de,55,590,77.88
513,o que e email,92,590,80.92
215,tickets brasil,97,590,58.88
329,www entrar,44,480,76.31
715,help desk caixa,25,480,76.39
336,ferramentas do sistema,88,480,73.74
310,oq é chat,96,480,89.5
339,como desativar cookies,66,480,64.64
308,o que significa help em portugues,37,480,82.06
398,definir software,52,480,64.46
514,imagens de logotipos,51,480,81.15
582,portgues,100,480,89.96
111,aplicativo ticket,75,480,73.56
81,o chamado online,42,480,47.97
618,www email com br entrar,66,480,65.98
323,entrra,42,480,74.24
560,br bit,88,480,89.99
236,suporte ti,65,480,57.74
491,análise de dados,27,480,61.56
304,portuques,79,480,92.83
359,entraar,33,390,78.18
485,abaixar chat,43,390,89.81
437,chat portugues,42,390,68.52
305,support automação,59,390,68.44
431,central ti,16,390,72.22
426,chat sem login,22,390,78.82
424,ex-plore,41,390,67.1
417,entrar agora,28,390,81.27
508,baixar chat,34,390,82.71
444,ver o preço,66,390,84.32
484,o que è o que è,37,390,84.73
466,entarar,39,390,74.53
529,quem somos empresa,69,390,58.45
551,mensagem para clientes,77,390,71.44
40,chats online brasileiros,68,390,74.75
612,entrae,43,390,76.85
43,planos vivo celular gratis,98,390,90.05
47,www.tiket.com.br,53,390,63.98
138,base de conhecimento,5,390,62.11
541,chat no celular,70,390,87.9
470,o que è,98,320,78.78
348,www zen,32,320,22.57
70,chat online gratuito,22,320,59.43
293,marcas e logotipos,34,320,75.81
195,tenpo real,80,320,73.56
126,sistema de senha para atendimento gratis,33,320,63.29
264,marcas registradas,33,320,56.33
86,cadastro de clientes online,72,320,68.51
296,ti software,28,320,63.3
314,analise de produto,49,320,74.17
408,logotipo de marcas,70,320,72.35
632,login entrar,18,320,75.52
306,software com br,79,320,45.34
404,pc help sistemas,45,320,73.42
142,e chat,10,320,61.02
140,ver preços,8,320,80.11
291,chat brasileiro,40,260,64.77
83,meu tom gratis,86,260,88.97
676,jogo de atender clientes,96,260,87.92
580,via tickets,31,260,47.25
561,o que é cookie,53,260,90.33
558,autoatendimento ou autoatendimento,70,260,76.15
409,tudo sobre email,92,260,81.65
319,live chat brasil,37,260,64.86
440,central de conhecimento,37,260,60.5
402,compare preco,80,260,70.89
731,mo sistemas,13,260,63.26
483,suporte de ti,46,260,51.89
270,numero light,90,210,69.0
38,vivo com br controle ilimitado,80,210,81.77
194,base software,10,210,58.66
139,ver preco,6,210,85.32
227,suporte em ti,38,210,54.11
639,o que é analise de dados,74,210,66.3
256,entrar entrar,22,210,76.0
317,mensagens zen,52,210,76.87
516,atendimento ao cliente em ingles,65,210,61.91
569,oqe chat,95,210,91.47
453,comprar preços,96,210,86.39
37,ticket facil,95,210,69.05
604,entrar login,27,210,66.39
189,chat chat,16,210,64.36
311,email entrar agora,28,210,72.46
717,sistema de tickets,84,170,51.17
594,chat de relacionamentos,44,170,74.93
452,mais conhecimento,86,170,72.46
478,telefone suporte totvs,51,170,59.86
450,chat br,82,170,70.95
441,central de atendimento ticket,51,170,67.81
276,email com br entrar,79,170,67.02
587,chat brasil online,76,170,64.61
490,oq significa zen,59,170,75.96
350,help em portugues,72,170,76.95
684,wwww.bradesco,89,170,65.36
76,tom gratis,80,170,89.77
515,www.chat,45,170,60.47
374,e mail login entrar,53,170,57.35
428,www temporeal,94,170,49.12
389,eentrar,36,170,84.25
96,central de atendimento ticket,69,170,67.81
127,www.tom,28,170,28.08
627,tempo real com,21,170,85.26
277,o que significa suporte,84,170,83.33
197,www.chat.com,44,170,57.99
239,email entrar login entrar,29,170,67.08
144,chat telefone,11,170,78.87
622,software logo,37,140,60.39
266,chat grátis,63,140,66.64
34,chat gratis para site,94,140,56.29
400,fotos de logotipos,58,140,73.65
396,mensagem intelectual,29,140,73.21
651,base preço,96,140,77.6
727,hotmasil.com entrar,100,140,53.9
335,suporte.totvs.com,58,140,65.89
519,help florianopolis,77,140,78.16
250,entrsr,52,140,80.56
605,chat pelo celular,74,140,93.76
116,numero para falar com atendente da vivo celular,100,140,78.61
315,wharton school,43,140,77.05
600,preço preço,75,140,53.74
228,preco s,89,140,85.88
233,sistema de software,62,140,68.83
381,imagens de logotipo,25,140,74.85
121,atendimento ticket,47,140,66.04
200,chat gratis para site,41,140,56.29
432,chat de celular,67,140,86.55
649,www.zen,19,140,26.28
282,chat video online brasil,58,140,64.86
274,chat em portugues,53,140,71.74
554,atendimento ticket,39,140,66.04
518,software demo,78,110,36.88
636,pricing o que é,93,110,62.7
292,www emtempo com br,73,110,83.29
213,video chat brasileiro,70,110,56.84
248,analise dos dados,24,110,62.13
347,suporte totvs telefone,40,110,62.19
354,sistema para empresa,46,110,63.97
63,www tom,27,110,30.09
217,chats de relacionamentos,85,110,70.04
619,email instantaneo,80,110,69.16
429,mensagem de parceiro,61,110,63.09
229,entrar no login,81,110,69.73
650,central do conhecimento,30,110,54.39
528,empresa software,79,110,47.04
222,desk em ingles,67,110,79.17
328,o que é pricing,84,110,61.06
386,br tickets,77,110,45.33
258,oq e software,65,110,84.5
108,chat online sem cadastro,82,110,61.85
641,empresa suporte,16,110,66.53
591,sac groupon telefone,88,110,72.99
729,ordem de serviço online gratis,95,110,62.36
624,support rh curitiba,71,110,67.39
68,ticket aplicativo,90,110,72.01
616,português to english,89,110,74.67
287,oq é sistema,99,110,84.07
557,definição de chat,77,90,80.53
225,chat web chat,45,90,56.55
56,canal de atendimento pc sistemas,18,90,62.31
564,zen logo,32,90,72.54
220,chat video brasil,86,90,60.33
660,jogos para atender clientes,99,90,87.94
307,temo real,86,90,80.17
212,chatportugues,45,90,67.15
301,empresa software curitiba,96,90,31.31
208,nome do software,70,90,84.46
351,live chat on site,37,90,42.17
320,desk vs freshdesk,13,90,43.26
84,sistema informatica online,58,90,51.03
224,analise de suporte,76,90,93.28
97,web help desk free,37,90,53.94
280,chate on,37,90,85.99
26,software para abertura de chamados,12,90,64.83
562,web help desk download,38,90,57.85
464,web zem,23,90,61.87
713,help desk service software,67,90,53.58
461,entraa,38,90,77.88
665,chamados com br,19,90,42.95
666,suport ti,86,90,51.93
674,cliente online,31,90,47.69
680,suporte ao cliente,20,90,66.86
657,freshdesk careers,19,90,48.93
455,sem chat,24,90,77.94
566,totvs login,25,90,53.41
570,chat online web portugues,80,90,67.2
686,support freshdesk com,11,90,48.87
446,www cookie,84,90,29.25
694,programa para abertura de chamados gratuito,11,90,62.76
342,nos preço,45,90,75.02
312,blog entrar conta,74,90,82.52
232,emtepo,39,90,75.31
207,site de chat video,100,90,55.32
268,tempo software,33,90,47.98
153,help desk service software,11,90,53.58
119,free web help desk,76,90,51.62
62,www ticket com br telefone,99,90,64.64
369,preço do canal,88,90,69.46
57,gerenciador de email online,80,90,79.32
79,chat para site gratuito,43,90,57.19
279,chat de graça,97,90,68.45
93,help desk web application,34,90,54.68
324,chamados com br,49,90,42.95
52,abertura de empresa online gratis,94,90,57.42
325,sac ticket,67,90,72.88
330,how to prec,60,90,62.54
379,empresa contato,84,90,63.56
271,the whartons,43,90,45.82
368,chat para site gratuito,34,90,57.19
278,entra no blogspot login,64,90,75.4
185,canal de atendimento pc sistemas,12,90,62.31
367,os chat,32,90,76.62
269,ferramentas de ti,26,90,65.68
295,cookies de rastreamento,53,90,77.35
363,ferramenta de crm gratuita,74,90,56.42
284,ee online chat service,43,90,56.61
39,aplicativo da ticket,57,90,77.92
362,suport ti,13,90,51.93
281,chat online portugues com web,59,90,53.59
117,puket online,100,90,79.12
206,atendimento global,86,90,48.2
272,central de serviços de ti,48,90,71.87
481,chat os,70,90,80.14
332,conhencimento,42,90,72.94
555,atalho para cliente de certificação,45,90,66.71
451,programa para abertura de chamados gratuito,39,90,66.98
634,de ajuda,89,90,73.15
64,chamados com br,6,90,42.95
410,chat o que é,40,90,82.15
411,tipos de preco,63,90,67.26
613,conhecimento a mais,46,90,77.85
728,história do atendimento ao cliente,80,90,60.31
601,chat sem,27,90,80.09
420,chat por telefone celular,25,90,82.92
416,software para abertura de chamados,15,90,64.83
433,tipos de preços,91,90,71.57
721,helpdesk caixa,19,90,69.71
532,aja agora,87,90,71.87
146,zendesk ticket,4,90,51.47
597,melhores chats online,96,90,69.64
147,chat to chat,4,90,60.52
157,software help desk,5,90,50.23
7,programa para abertura de chamados gratuito,6,90,66.98
162,client service desk,6,90,48.19
178,zendesk customize help center,9,90,41.47
179,freshdesk vs desk,9,90,42.25
182,zendesk design,10,90,46.12
687,support freshdesk com,5,90,48.87
689,freshdesk login,6,90,40.43
152,software de base,6,90,63.95
598,developer zendesk,11,90,58.92
585,e ntrar,37,90,77.88
401,www.entrar no email,87,90,63.05
637,chat com web portugues,80,90,55.07
644,web chat online portugues,25,90,57.58
501,chat online web,57,90,66.25
503,site zen,24,90,46.62
390,sistema informatica online,86,90,51.03
544,ver preço de,23,90,91.37
510,atendimento online hotel urbano,93,90,72.92
631,software tempo real,21,90,70.5
511,como criar uma marca registrada,98,90,56.02
512,como criar uma marca registrada,99,90,56.02
640,entrar no email login,69,90,60.28
534,baixar real,82,90,82.2
533,caixa chat,71,90,75.48
596,aos login,80,90,42.27
489,interação eventos,55,90,53.88
647,zen sites,39,90,40.38
443,brand em portugues,100,90,81.19
571,demo demo,13,90,59.99
526,atendimento ti,23,90,63.69
439,zendesk api ticket,15,90,72.62
382,help curitiba,87,90,78.41
383,www chat on,48,90,68.26
458,crm free online portugues,63,70,58.86
48,modelos de tickets,83,70,66.49
454,chat por telefone gratis,53,70,75.66
316,relatorio de trabalho em equipe,61,70,79.93
421,chat para sites,43,70,44.34
340,baixar chat gratis,31,70,93.02
355,grupos de chat,78,70,75.19
235,www.chat.com.br,52,70,68.86
318,zen telefone,55,70,52.11
567,chat de compras,45,70,71.62
219,melhor programa de email,90,70,79.86
621,zendesk forward ticket to email,22,70,62.03
548,análise dos dados,39,70,62.55
234,api sistema de informação,80,70,67.88
626,telefone do zen,31,70,47.51
415,chat web brasil,87,70,60.43
94,tá grátis,81,70,75.66
539,ferramenta chat,17,70,55.7
549,e-mail logo,95,70,46.57
497,zen o que significa,93,70,75.53
345,baixar crm gratis,90,70,78.61
413,mega sistemas curitiba,38,70,73.62
300,ticketing software free download,21,70,61.95
371,zen do brasil,85,70,45.18
343,chat video br,72,70,76.71
341,software crm gratis portugues,54,70,63.59
58,plano vivo controle com aparelho gratis,96,70,90.19
36,atendimento on line vivo,98,70,80.62
471,zendesk overview,12,70,54.19
475,central de serviços itil,20,70,49.35
299,vamos brasil in portuguese,85,70,77.4
334,imagens logotipos,56,70,75.96
397,sistema software,30,70,50.37
477,como criar um chat online,63,70,71.25
392,chat em portugues gratis,95,70,57.86
31,chat gratis sem cadastro,95,70,61.73
103,controle de horas online,80,70,52.08
375,qual melhor programa de email,89,70,76.16
285,mercado livre chat,38,70,76.6
366,jobs vagas,57,70,51.91
395,zendesk forward email to ticket,16,70,58.57
462,definição de atendimento,69,70,74.09
337,consultar preços,59,70,76.83
691,software crm free portugues,86,70,71.8
338,ticket web sites,90,70,50.61
51,cadastro de clientes online gratis,45,70,72.58
447,suporte tovs,100,70,68.2
209,sistema empresa,85,70,55.03
259,imagens logotipo,12,70,78.05
615,chats gratuitos,38,70,60.49
237,academia virtual totvs,64,70,68.67
643,qual o melhor programa de email,88,70,76.71
255,sistema website,23,70,34.42
254,criar chat online,58,70,68.19
495,sistema da empresa,45,70,62.07
251,sistema br,57,70,37.78
635,comprar zen,99,70,52.74
104,cadastro de clientes gratis em portugues,72,70,85.66
607,logo para empresa gratis,99,70,69.37
527,zen preço,51,70,83.31
423,the warton school,10,70,63.73
173,zendesk email api,8,70,53.69
174,zendesk email api,9,70,53.69
181,zendesk setup,7,70,47.85
155,zendesk plus,4,70,48.17
654,software for helpdesk,4,70,47.42
244,modelos de tickets,63,70,66.49
633,software crm free portugues,35,70,71.8
536,suporte pc sistemas,47,70,52.96
590,chat gratuito para site,37,70,55.92
628,telefone zen,42,70,47.08
576,video chat em portugues,76,70,69.79
578,ferramenta de chat online,25,70,51.98
579,bate papo free,98,70,79.88
581,preço em conta,72,70,85.09
586,the vagas,81,70,76.98
164,preços do,11,70,79.37
203,chat suporte,49,70,82.51
592,real multimarca,93,70,67.28
134,sistema de help desk em php,19,70,67.61
123,ferramenta de chat online,59,70,51.98
608,vagas e jobs,59,70,56.68
602,www que,80,70,68.54
603,wharton schoo,27,70,73.06
493,preço de canal,92,50,69.26
393,video chat gratuito,81,50,73.92
357,logotipos imagens,41,50,77.52
99,ticket central de atendimento,93,50,67.23
476,chat do brasil,75,50,72.84
41,app cadastro de clientes,87,50,81.79
448,o q e chat,93,50,91.18
263,preços a partir de,60,50,86.54
61,service desk free,19,50,55.74
606,produtos zen,56,50,49.41
630,ticket atendimento,19,50,55.34
457,nas preço,36,50,80.42
505,baixar chat para celular,73,50,90.24
667,suporte on line,85,50,66.1
74,chat on line gratis,65,50,57.84
642,o que é auto atendimento,84,50,65.49
517,ferramentas para ti,22,50,54.91
211,telefone groupon sac,94,50,70.73
230,chat para site gratis,31,50,63.38
132,ticket atendimento,26,50,55.34
231,site de software,95,50,63.22
388,chat free online,57,50,46.91
722,ordem serviço online,100,50,49.58
718,service desk free,80,50,55.74
349,chat on line gratis,70,50,57.84
9,helpdesk free,4,50,50.07
547,fazer 250 especificações,65,50,75.65
442,telefone de chat,30,40,79.11
344,chate de relacionamento,49,40,75.26
530,baixar o chat,44,40,86.88
535,atendimento on site,30,40,61.22
646,assista a,72,40,81.81
67,falar com atendente da vivo online,91,40,79.85
391,chat agora,37,40,70.64
223,empresa como sistema,84,40,64.24
730,help desk free portugues,16,40,66.83
709,software help desk gratuito,11,40,63.64
623,mercado livre chat online,93,40,63.25
85,meu tom online,58,40,87.22
712,sac gazin,88,40,50.56
129,aplicativos tom,54,40,84.27
55,sistema de help desk open source,85,40,50.48
98,aplicativo do tom gratis,72,40,92.33
522,help desk free portugues,24,40,66.83
568,totvs connect,83,40,57.27
210,canal de atendimento net,94,40,75.9
249,preços a partir,52,40,82.7
546,vagas jobs,60,40,51.92
242,chat brasileiro online,54,40,59.75
122,aplicativos do tom,63,40,86.58
115,tom grátis,64,40,92.19
610,entrar email login,35,40,72.3
204,comparativos de preços,64,40,79.55
494,agaxtur telefone,78,40,79.62
15,help desk free portugues,6,40,66.83
17,software help desk gratuito,4,40,63.64
698,software service desk,6,40,46.52
114,cadastro de clientes free,100,40,80.93
584,ti suporte,58,40,50.68
720,service desk software,50,40,49.59
356,planos telefonicos,81,40,81.24
459,logo gratuita,82,40,63.85
500,fotos de logotipo,92,40,80.39
498,sistema de empresa,40,40,59.19
294,cookie de rastreamento,84,40,79.66
488,crm gratis portugues,79,30,57.56
480,logo marca registrada,76,30,55.13
331,telefone chat,48,30,75.66
422,chat gratis brasil,27,30,70.28
275,contato download,98,30,55.86
496,the wharton school,12,30,64.43
504,marca e logotipo,42,30,59.71
265,baixar chat on,33,30,80.93
313,o que uma comunidade,94,30,72.13
262,blog entrar login,34,30,63.85
479,planos e preços,40,30,62.73
406,cookie policy,15,30,65.05
298,chat para conversar online,94,30,69.37
245,web chat portugues,20,30,64.9
463,dados de clientes,47,30,66.35
221,site de chat online gratis,100,30,62.8
575,chat brasil gratis,33,30,61.94
556,software biblioteca gratis,92,30,63.7
403,só ferramentas,94,30,83.26
196,ver preços de,29,30,85.55
543,faz um email,78,30,74.0
572,chat relacionamentos,79,30,70.11
537,ticket telefone de contato,74,30,66.14
525,ver os preços,61,30,86.33
247,sistema online gratis,72,30,59.3
246,conversar no chat,37,30,81.29
92,tom gratuito,41,30,92.27
361,chat online gratis para site,45,30,57.45
214,base do conhecimento,9,30,66.16
241,o chat,9,30,75.49
648,batepapo telefone,19,30,84.51
732,software help desk free,25,30,59.7
35,software de help desk,76,30,53.49
49,meu tom app,100,30,88.24
620,pre co,32,30,72.58
16,software help desk free,4,30,59.7
75,chat online gratis para site,60,30,57.45
44,sistema de cadastro de clientes gratuito,70,30,78.8
42,site de chat online gratis,73,30,62.8
638,telefone de mensagens,90,30,73.8
88,web chat gratuito,51,30,57.58
118,sistema cadastro de clientes gratis,99,30,82.47
380,chat online para celular,84,30,80.61
95,instalar meu tom gratis,79,30,90.12
550,comparativo preço,62,20,83.23
540,especificações fazer 250,83,20,79.41
542,preço central telefonica,16,20,75.63
563,pre os,65,20,76.9
552,ferramenta itil,13,20,52.47
524,o que é o chat,38,20,85.47
216,suporte chat,60,20,81.78
574,criar chat online para site,92,20,67.09
106,vivo online atendimento,68,20,85.58
611,significado de help desk,44,20,81.46
243,chat online celular,36,20,70.03
77,chat online para site gratuito,30,20,55.15
253,login email entrar,28,20,77.23
260,fotos para logotipo,82,20,72.79
82,baixar my tom gratis,74,20,89.65
509,crm free portugues,85,20,57.27
499,chat online brasileiro,25,20,71.17
309,chat no celular gratis,65,20,86.69
72,atendente vivo online,90,20,84.01
131,controle de clientes online,49,20,63.28
487,free web chat,33,20,50.04
65,web help desk,50,20,51.85
658,helpdesk software,31,20,47.61
297,programa gerenciador de email,74,20,76.67
467,relatorio de clientes,51,20,54.95
425,ferramentas itil,18,20,51.58
71,meu tom grátis,85,20,89.17
358,chat baixar,48,20,89.27
719,software de help desk free,8,20,61.52
701,helpdesk software,6,20,47.61
113,free help desk,10,20,45.79
21,software de help desk free,4,20,61.52
430,software sac,7,20,48.83
352,software itil,8,20,50.39
53,sistema de cadastro online,94,20,66.17
372,conta email entrar,55,20,73.18
445,entrar entrar entrar,57,20,75.92
32,meu tom gratuito,56,20,89.43
385,programa de clientes,99,20,69.42
50,atendente de help desk,65,20,86.65
435,baixar aplicativo chat,81,20,86.81
364,chat online para site gratuito,51,20,55.15
427,empresa sistema,52,20,55.66
387,como fazer um chat online,65,20,69.66
346,software site,45,20,67.3
714,help desk software free,67,20,42.46
725,gestão de clientes online,33,20,57.86
418,software logotipo,42,20,71.71
412,email entrar br,45,20,81.06
54,help desk software free,76,20,42.46
724,atendimento ao cliente online,70,20,72.85
733,projetos comerciais gratis,88,20,66.39
